Title,Note,URL,Tags,Comment
,,,,
R18 Mai Tamaki Chinami Sakura Groo00026 javpornpics 美少女無料画像 ...,,https://javpornpics.com/dmm/mai-tamaki-chinami-sakura/groo00026/mai-tamaki-chinami-sakura-3.jpg,,
"A Fascinating 'absolute Area' School Girls Mini Skirt, Knee High ...",,https://img-hw.xvideos-cdn.com/videos/thumbs169poster/74/7a/f6/747af668e5d589dcc2d07bc2a2094a81/747af668e5d589dcc2d07bc2a2094a81.10.jpg,,
John Adams naming battle ignites between Colorado and California ...,,https://www.denverpost.com/wp-content/uploads/2016/04/20150618__RCB_20110927_ADAMSACADEMY-0055p1.jpg?w=620,,
Soap-Making-Class-at-John-Adams-Academy_001 - Soap Salon,,https://i2.wp.com/www.soapsalon.net/wp-content/uploads/2017/10/Soap-Making-Class-at-John-Adams-Academy_001.jpg?ssl=1,,
John Adams Academy Virtus Choir... - John Adams Academy | Facebook,,https://lookaside.fbsbx.com/lookaside/crawler/media/?media_id=1926158590786648,,
John Adams Academy - Home | Facebook,,https://lookaside.fbsbx.com/lookaside/crawler/media/?media_id=4220519151350569,,
DesCor completes John Adams Academy's third public charter school ...,,https://www.descorbuilders.com/wp-content/uploads/2018/09/JAA-EDH-Grand-Opening-Village-Life.jpg,,
