Title,Note,URL,Tags,Comment
,,,,
quora.com,,https://qph.cf2.quoracdn.net/main-qimg-905cdea399d11cbbc271d9767c926cec-lq,,
Do you like to wear a skirt and pantyhose/stockings? - Quora,,https://qph.cf2.quoracdn.net/main-qimg-42f868cf42c9c514d8619a776ce5496b-lq,,
Do you like to wear a skirt and pantyhose/stockings? - Quora,,https://qph.cf2.quoracdn.net/main-qimg-9204b20e50c4e5700b86062769d246fb,,
short suede skirts! : r/skirt,,https://preview.redd.it/short-suede-skirts-v0-4pvs1ebas6vb1.jpg?width=640&crop=smart&auto=webp&s=289728d940d5e7e1bf887daf9497594baef6ba44,,
quora.com,,https://qph.cf2.quoracdn.net/main-qimg-0cbf0dddfe33ffe6049b713b3f5d11e7,,
youtube.com,,https://i.ytimg.com/vi/TgX6ox3dTFc/oar2.jpg,,
m.youtube.com,,https://i.ytimg.com/vi/sEoI9Zqobms/mqdefault.jpg,,
high heels with skirts Hot Sale - OFF 52%,,https://qph.cf2.quoracdn.net/main-qimg-c75a9ef0d8e71b9870c2aa9d69c272c5-lq,,
What outfits go well with jean skirts? - Quora,,https://qph.cf2.quoracdn.net/main-qimg-fb3cfa7da344570c0b385a7677bfa802-lq,,
quora.com,,https://qph.cf2.quoracdn.net/main-qimg-0563d6122e599ecb9717162d42872774-pjlq,,
Is it comfortable to wear a thong under a mini skirt? - Quora,,https://qph.cf2.quoracdn.net/main-qimg-4fcdace342c6f85546214e856e112ed4,,
jameshollisart.co.uk,,https://qph.cf2.quoracdn.net/main-qimg-f9caedb58ab8ac45127aeafb5a4d24fb-lq,,
quora.com,,https://qph.cf2.quoracdn.net/main-qimg-52a4d822735625410ab929eafb4c43b0-lq,,
quora.com,,https://qph.cf2.quoracdn.net/main-qimg-675db88bdbc607d97b56cccd43399b24,,
Is it ok if a guy wears short skirts and sheer pantyhose in public ...,,https://qph.cf2.quoracdn.net/main-qimg-cd146dd3fcbd12a00e3c3b2886749d13-lq,,
flickr.com,,https://live.staticflickr.com/5521/12050330113_b8c48ebe69_b.jpg,,
reddit.com,,https://i.redd.it/nrxw3c184wi01.jpg,,
Pantyhose on smooth legs is the best feeling! : r/crossdressing,,https://i.redd.it/1ktd3evb8ar51.jpg,,
reddit.com,,https://preview.redd.it/i-feel-kind-of-naked-without-a-pair-of-hose-a-skirt-just-v0-hpuddcwvdgya1.jpg?width=3024&format=pjpg&auto=webp&s=568f32544463cda58cf918d88e54a40f5ade8f16,,
reddit.com,,https://i.redd.it/i-feel-kind-of-naked-without-a-pair-of-hose-a-skirt-just-v0-55askcwvdgya1.jpg?width=3024&format=pjpg&auto=webp&s=545c14e6e8cb1173c4066cc958759867c3f163b4,,
anime-pictures.net,,https://anime-pictures.net/pictures/get_image/790510-4677x3307-original-aki+(1360505188)-single-highres-light+erotic-simple+background.jpg,,
I love this pattern : r/skirt,,https://i.redd.it/5d4b3zttlewb1.jpg,,
I think this skirt is so cute! : r/skirt,,https://preview.redd.it/i-think-this-skirt-is-so-cute-v0-7deyjkmpuaib1.jpg?width=640&crop=smart&auto=webp&s=12cb32f6cc10fb6c2451e43e5aeec97daebda52b,,
int.insancendekiaska.org,,https://pbs.twimg.com/media/F6ay5j_WEAAEa4I?format=jpg&name=4096x4096,,
egyptianshooting.org,,https://qph.cf2.quoracdn.net/main-qimg-023561bc84aa8d2d5d4ffffb9b64fcc3-lq,,
Selfie girl body and legs,,https://lookaside.fbsbx.com/lookaside/crawler/media/?media_id=1171215419555875,,
"Is anyone wearing pantyhose today? If so, what do they look like ...",,https://qph.cf2.quoracdn.net/main-qimg-80e129a6734c70638bf66cfeb3119a73,,
"Stacy | Legs crossed in high gloss, what's not to love! Happy ...",,https://lookaside.instagram.com/seo/google_widget/crawler/?media_id=3233286364147815287,,
What are the different types of pantyhose? - Quora,,https://qph.cf2.quoracdn.net/main-qimg-5033d8135809fd5faefbde09a7cdd757,,
appu.com.uy,,https://qph.cf2.quoracdn.net/main-qimg-1e2dca6cc4768e4fed1e7e04ba6ec1f1,,
Do any of you guys on here wear skirts and tights but wear them as ...,,https://qph.cf2.quoracdn.net/main-qimg-555f363a8c66ecdc77b249926be5f0a9-lq,,
"Image posted on Aug 19, 2018 – @sexy-black-nylons on Tumblr",,https://64.media.tumblr.com/7d7c3a0abe2fec25bc3bf52bf59b146f/tumblr_pdp71hV7Qz1vo3r3ho1_1280.jpg,,
i enjoy stinking up some flats with my nylon feet.. airing these ...,,https://preview.redd.it/i-enjoy-stinking-up-some-flats-with-my-nylon-feet-airing-v0-61l4epll4b9c1.png?auto=webp&s=e78b77b65a622072640873c11f3fd7b6f9bd2ebb,,
"Which is your favorite denim skirt, and how expensive was it? - Quora",,https://qph.cf2.quoracdn.net/main-qimg-1569e51f1cf69fd7a8aec25cecd9607d-lq,,
"FREE NM Cotton On xxs classic stretch denim skirt, Women's Fashion ...",,https://media.karousell.com/media/photos/products/2023/1/1/free_nm_cotton_on_xxs_classic__1672575119_cdf4ec1b_progressive.jpg,,
indo.ahgaff.edu,,https://live.staticflickr.com/1864/30497016938_48e97a6e9a_n.jpg,,
"black flats for wide feet for Sale,Up To OFF 70%",,https://3.bp.blogspot.com/-_kO9_WH8PBg/WESJruO6VMI/AAAAAAAABno/8fSyLqYRHSAs46aF73ahpRP5cCi64uLRACLcB/s1600/9%2Bfeb%2B2016%2B156.JPG,,
