Title,Note,URL,Tags,Comment
,,,,
"32 Boys as girls ideas | girl, boy models, boys",,https://i.pinimg.com/736x/15/d7/f2/15d7f251f09e382ff042928c0904c415--school-uniform-fashion-school-uniform-girls.jpg,,
Trapped as a schoolgirl | sheena_ramsay | Flickr,,https://live.staticflickr.com/1455/26113307824_b410a452a7_b.jpg,,
pinterest.co.kr,,https://i.pinimg.com/originals/08/c8/d0/08c8d0d703a506b935b674817f55cb45.jpg,,
shopjustice.com,,"https://shopjustice.scene7.com/is/image/justiceProdATG/15072355_635?fmt=jpeg&qlt=95,0&resMode=sharp2&op_usm=0.8,1.0,8,0&op_sharpen=1&fit=constrain,1&wid=478&hei=690",,
Pin on Jumper School Uniforms,,https://i.pinimg.com/originals/a9/6b/ab/a96bab885f9db6316d37f0297bb71d94.png,,
School uniforms,,https://i.pinimg.com/236x/f6/07/a7/f607a7f20773452de8406ad0cccf33c8.jpg,,
amazon.com,,https://images-na.ssl-images-amazon.com/images/I/61XmpCjfVLL._UY606_.jpg,,
shopjustice.com,,"https://shopjustice.scene7.com/is/image/justiceProdATG/2201548_603?fmt=jpeg&qlt=95,0&resMode=sharp2&op_usm=0.8,1.0,8,0&op_sharpen=1&fit=constrain,1&wid=478&hei=690",,
vestique.com,,https://cdn.shopify.com/s/files/1/0020/3702/2765/products/tiewaist-cheetah-mini-2_1000x.jpg?v=1566934735,,
School Uniforms - Girls School Skirt Manufacturer from Chhota Udaipur,,https://3.imimg.com/data3/EH/TJ/MY-12605592/girls-school-skirt-250x250.jpg,,
You are definitely @WesternUniverse #EuropeanFashion ...,,https://i.pinimg.com/originals/a0/65/6c/a0656c0b47bff1d636b35b43d93e5a06.jpg,,
Pin on S1 - Uniforms,,https://i.pinimg.com/originals/ca/9b/ec/ca9bece1efc0013e28a79fde88b296cb.jpg,,
Emma Watson School Dress - Emma Watson Age,,https://i.pinimg.com/originals/f7/ec/0d/f7ec0d0597087f9d1e73eec8c00e29b0.jpg,,
Schoolies,,https://i.pinimg.com/236x/c6/26/bb/c626bb2637267c0ab07f9e4b985ca67d.jpg,,
legwear.co.za,,https://legwear.co.za/wp-content/uploads/2015/04/Girls-School-Opaque-tights.jpg,,
Ayq,,https://i.pinimg.com/236x/90/cb/95/90cb95718c3ff0883c3e501c9ef44307--smart-school-uniform-ideas.jpg,,
Plaid/Tartan Skirt School Uniforms,,https://i.pinimg.com/236x/54/76/6a/54766aa52f6ce489162085ecce70c751--school-uniforms-tartan.jpg,,
Jumper School Uniforms,,https://i.pinimg.com/236x/40/07/4e/40074e29a341d7850923f93cc9d6661f--welt-big-girls.jpg,,
"American Apparel Interlock Mini Skirt, $16 | American Apparel ...",,https://cdn.lookastic.com/tan-mini-skirt/american-apparel-interlock-mini-skirt-original-141510.jpg,,
Everett Havey (everetthavey) - Profile | Pinterest,,https://i.pinimg.com/236x/46/eb/a3/46eba3dae3cfdf62b99f6c094c5addf4.jpg,,
Everett Havey (everetthavey) - Profile | Pinterest,,https://i.pinimg.com/236x/c1/56/e5/c156e573cd24e8797059f6beabd87536.jpg,,
Everett Havey (everetthavey) - Profile | Pinterest,,https://i.pinimg.com/236x/26/94/78/2694785b2998e68664cacd72d8ddf851.jpg,,
justatinabit.com,,http://www.justatinabit.com/wp-content/uploads/2017/03/justatinabit-topshop-plaid-mini-skirt-over-the-knee-boots-school-girl-inspired-outfit-petite-fashion-blog-2.jpg,,
Portrait of attractive blonde woman in black skirt and red leather ...,,https://c8.alamy.com/comp/HT2CNN/portrait-of-attractive-blonde-woman-in-black-skirt-and-red-leather-HT2CNN.jpg,,
Everett Havey (everetthavey) - Profile | Pinterest,,https://i.pinimg.com/236x/5a/eb/5f/5aeb5f13a6c11ac3ee78f47d2a722ba8.jpg,,
Set It Off Faux Leather Skirt in Black - € 78 | Tobi NL,,https://cdn.tobi.com/product_images/lg/1/black-set-it-off-faux-leather-skirt.jpg,,
"Topshop plaid mini skirt, over the knee boots, faux leather jacket ...",,https://justatinabit.com/wp-content/uploads/2017/03/justatinabit-topshop-plaid-mini-skirt-over-the-knee-boots-faux-leather-jacket-school-girl-inspired-outfit-petite-fashion-blog-5.jpg,,
"Skirt, $14 at missguidedus.com - Wheretoget | Cute school uniforms ...",,https://i.pinimg.com/originals/15/d7/f2/15d7f251f09e382ff042928c0904c415.jpg,,
Girl School Uniform,,https://i.pinimg.com/170x/3d/f7/a3/3df7a3018660911b097eda503b0c354f.jpg,,
Everett Havey (everetthavey) - Profile | Pinterest,,https://i.pinimg.com/236x/50/43/b4/5043b4fd8de0205efd0f070f04e848ae.jpg,,
"Wearing Proper School Uniforms | School girl dress, School uniform ...",,https://i.pinimg.com/236x/d4/12/d1/d412d1ddfd88eadb0ea7e2c6b81e0493.jpg,,
High A-Line Vegan Skirt in Black - S$ 155 | Tobi SG,,https://cdn.tobi.com/product_images/md/1/black-high-a-line-vegan-skirt.jpg,,
yahoo.com,,https://s.yimg.com/ny/api/res/1.2/_4U0fqgzoeB3iG_W1R1qIg--~A/YXBwaWQ9aGlnaGxhbmRlcjtzbT0xO3c9MzAwO2lsPXBsYW5l/http://l.yimg.com/os/401/2011/09/06/skirt3_105020.jpg,,
Uniforms for school (female),,https://i.pinimg.com/236x/29/54/11/295411c88e94ad2fdc8d02912f4276e7.jpg,,
All the College Girls are Wearing Denim Skirts and Bralettes ...,,https://www.collegefashionista.com/wp-content/uploads/2017/05/McLemore06012017-1.jpg,,
Pin on Fotos mujeres,,https://i.pinimg.com/474x/79/5b/4c/795b4c7807f6de18cab6469630a1f243.jpg,,
"ImageBam | Girl outfits, Tartan skirt, Girls making out",,https://i.pinimg.com/originals/4d/ab/6b/4dab6b37382989b0176277c11debe5e2.jpg,,
Pin on Girl School Uniform,,https://i.pinimg.com/736x/ed/53/84/ed5384cfe711f8c83aad04252cc8451c.jpg,,
Uniform Mom: Lands' End new Ponte School Uniform items- knit skort ...,,https://4.bp.blogspot.com/-kHIzgdbEHNA/U9fXwF8X2bI/AAAAAAAABC8/hKZ-S3aYjgs/s1600/IMG_2515sm.JPG,,
Picture - My Daughters' First Day Of School | School girl dress ...,,https://i.pinimg.com/originals/38/b2/25/38b225a60582dcdfb5c00ef06589c9b1.jpg,,
"Pin by Andy S on natalia dyer | Fashion, Skater skirt, School uniform",,https://i.pinimg.com/564x/bb/37/f3/bb37f36a138f4f42f462615158fb9091.jpg,,
index » Page 338 of 18,,http://www.princes-horror-central.com/reposeart/reposeart02338.jpg,,
passion for pleats: Photo,,https://64.media.tumblr.com/c2a56f46c29c8dc91b4d85b3db69853f/tumblr_oez28rpjtM1s0j9zco1_1280.jpg,,
"Thanks MOM.. that was the most humiliating office day EVER, how ...",,https://i.pinimg.com/originals/20/6a/ab/206aab61288dc24cdb4124b39c0d3257.jpg,,
School uniforms,,https://i.pinimg.com/236x/05/37/e0/0537e0155bdb6a5b2787dcd6e98df22d--rory-gilmore-gilmore-girls.jpg,,
"GlamourVision - Kaylea in see-thru blouse, skirt, white slip, dark ...",,https://lookaside.fbsbx.com/lookaside/crawler/media/?media_id=2820914261266622,,
Pin on Being A School Girl,,https://i.pinimg.com/736x/f3/e5/b8/f3e5b82f09f58431779562d7fbf978f6--girls--sweet-girls.jpg,,
Pin on SchoolTeasers 2017 (Fall),,https://i.pinimg.com/originals/bc/b6/12/bcb6127bc2d05b0aff72592bfb97e4fa.jpg,,
"Pin by hernan pe on Blusas | School uniform fashion, School girl ...",,https://i.pinimg.com/originals/8e/ea/69/8eea6905cc6755b73d2506b25fa23174.jpg,,
51 Hottest Natalia Dyer Bikini Pictures That Are Basically ...,,https://topsexymodels.net/wp-content/uploads/2020/08/Natalia-Dyer-29.jpeg,,
Natalia looks amazing in this skirt : r/NataliaDyer,,https://preview.redd.it/2adtijzhk1n71.png?auto=webp&s=42337c53adc787b5ec6ae7708ebf65890262ce5c,,
Pin by JOHN KILTIE on School uniforms in 2022 | School girl dress ...,,https://i.pinimg.com/564x/7c/ec/44/7cec447e14844afe6ef0df077a3a3a3a.jpg,,
lindas y hermosas tiernas colegialas usando enaguas y combinaciones,,https://i.pinimg.com/originals/fd/c2/36/fdc23637775677bb9e76d8f9c9809e82.jpg,,
"Pin by Raymchale on Quick saves | School girl dress, Cute skirt ...",,https://i.pinimg.com/736x/f4/10/f4/f410f42b6c026cdcec00c0fb1e985716.jpg,,
Pin on men,,https://i.pinimg.com/736x/8b/d8/a3/8bd8a30e6f77416d10d541271dac14f5.jpg,,
index » Page 338 of 18,,http://www.princes-horror-central.com/reposeart/reposeart02344.jpg,,
"ImageBam | School girl, Glamour, Petticoat",,https://i.pinimg.com/originals/bc/13/5c/bc135cb47d7a03ecc18a4e4c83c6b792.jpg,,
index » Page 358 of 18,,http://www.princes-horror-central.com/reposeart/reposeart02501.jpg,,
Pin en cute frilly and ruffle anklets,,https://i.pinimg.com/originals/6f/02/f2/6f02f275cea2aa81a80a0e5cc05dba02.jpg,,
"Pin on Beautiful Big Girls' Frills and Fem,",,https://i.pinimg.com/originals/1d/c3/71/1dc371972ef1d03bae5f9b1cbec3678d.jpg,,
"Ruby Red Plaid Skirt Vintage Skirts, Black Silks Tights ...",,http://assets0.chictopia.com/photos/mademoiselleruta/1708644320/black-silks-tights-light-blue-from-asos-river-island-top.jpg,,
"Pink Plaid Mini Skirt Outfit Hotsell, 57% OFF | www.ingeniovirtual.com",,https://3.bp.blogspot.com/-WmJlByPQZNc/XAL9JRsrcLI/AAAAAAAA_Zo/3defu5zVDvwFxYeTJN_hZzYwFDTjlVaAwCKgBGAs/s1600/Jules%2Bin%2BFlats%2B-%2BPink%2BPlaid%2BMini%2BSkirt%2B%2528Business%2BCasual%2BFall%2BWorkwear%2Bon%2Ba%2BBudget%2529%2B-%2B3.jpg,,
"What I Wore- Plaid Skirts and Black Cats | Plaid skirts, Red plaid ...",,https://i.pinimg.com/736x/23/4e/3e/234e3ee89d8cf9892f8dc7bb0452f115--plaid-skirts-red-plaid.jpg,,
"The plaid skirt | Winter fashion outfits, Fashion, Style",,https://i.pinimg.com/736x/56/03/be/5603be595acfaccebec18ef22c19445b--work-skirts-midi-skirts.jpg,,
How to Wear a Plaid Skirt to Work — bows & sequins | Plaid skirt ...,,https://i.pinimg.com/736x/d7/da/d6/d7dad6118d3430053b4bde932fbead5e.jpg,,
Pin on Fall & Winter Fashion Wish List,,https://i.pinimg.com/736x/12/71/31/1271319c2ba4f1f6d450e600bbd9c4a9.jpg,,
FALL FASHION SERIES DAY FIVE: SCHOOL GIRL - Katie Did What ...,,https://i.pinimg.com/originals/d5/e9/50/d5e95096e900b823d41a174d7312e75b.jpg,,
The School Uniform Outfit I'm Obsessed With... - Corrie Bromfield,,https://corriebromfield.com/wp-content/uploads/2018/10/green-skirt-2-1-of-1-1440x1920.jpg,,
The School Uniform Outfit I'm Obsessed With... - Corrie Bromfield,,https://corriebromfield.com/wp-content/uploads/2018/10/green-skirt-7-1-of-1-1440x1920.jpg,,
"Tan cable knit crop top sweater, red and navy plaid american ...",,https://i.pinimg.com/originals/32/53/9d/32539d04a07a8fc467b227803d594a22.jpg,,
maroon school skirt for Sale OFF 66%,,http://images0.chictopia.com/photos/PDITL/4200112583/black-lipstik-shoes-heather-gray-jumper-sweater-cotton-on-jumper_400.jpg,,
grown up Precondition animal why do guys like skirts - citabeille.org,,https://i.pinimg.com/736x/65/b1/1c/65b11c6ded862750187f539f99ab966f.jpg,,
Three girls wearing school uniform hi-res stock photography and ...,,https://c8.alamy.com/comp/KD0J07/teenage-schoolgirl-in-uniform-moving-downstairs-KD0J07.jpg,,
"1,527 School Uniform Skirt Photos and Premium High Res Pictures ...",,https://media.gettyimages.com/photos/teenage-schoolgirl-styling-back-long-hair-in-bedroom-picture-id763158659?s=612x612,,
school skirt reddit for Sale OFF 73%,,https://i.redd.it/cw3kosz8bww21.jpg,,
Pin on SchoolTeasers 2017 (Winter),,https://i.pinimg.com/originals/58/01/01/580101d18ff86804b0df8eee3c3bed45.jpg,,
SHEIN Girls Removable Bow Blouse & Plaid Print Skirt Set -SHEIN,,https://img.ltwebstatic.com/images3_pi/2021/11/11/16366086702ba26d9594b68a4d7c431227d782d1c5_thumbnail_220x293.jpg,,
school uniform mary janes cheap buy online,,https://i.pinimg.com/originals/f5/5e/ca/f55eca9d26e5be63880a297a23d1b06b.jpg,,
"School Uniform Mary Janes Shop, 51% OFF | www.jungle4x4.com",,https://i.pinimg.com/originals/8c/5c/90/8c5c90715511eb0586007a0150722872.jpg,,
"Dorissa outdoors in uniform! | Insta fashion, Fashion, Sexy girls",,https://i.pinimg.com/originals/8b/00/af/8b00af4b2cb6103cbed3be5e45d2ad75.jpg,,
"Pin by barry taylor on Lace | Awesome blouse, Pretty outfits ...",,https://i.pinimg.com/originals/9d/05/a7/9d05a741a537c59da2f7824418cd8264.jpg,,
SchoolTeasers,,https://www.schoolteasers.com/KaraSue_07271401.jpg,,
Pin on Beautiful girl photo,,https://i.pinimg.com/736x/7d/84/5a/7d845a2a296638f8b3a94369e6f5bff0.jpg,,
"SchoolTeasers | Awesome blouse, Women wearing ties, School girl",,https://i.pinimg.com/originals/f9/1e/d8/f91ed8170710512739622fd916bbffce.jpg,,
SchoolTeasers,,https://www.schoolteasers.com/Cara_07141401.jpg,,
SchoolTeasers,,https://www.schoolteasers.com/Trinity_12192001.jpg,,
SchoolTeasers,,https://www.schoolteasers.com/Jill_09101801.jpg,,
SchoolTeasers,,https://www.schoolteasers.com/JulieAnne_09042001.jpg,,
"Sarah Hiland in uniform, socks and shiny black shoes! | Insta ...",,https://i.pinimg.com/originals/72/22/be/7222be8811871cbcc608eed324aa8792.jpg,,
Pin en GlamourVision 2015,,https://i.pinimg.com/originals/65/80/d8/6580d8728b0fcbdf7a89b02d6af83e56.jpg,,
Jumper School Uniforms,,https://i.pinimg.com/236x/ff/07/f4/ff07f4fb0b7115bef3f9ae94805b4ca3--schoolgirl-petticoats.jpg,,
"SchoolTeasers | Work outfits women, School girl dress, Practical ...",,https://i.pinimg.com/736x/80/84/a5/8084a54c7b70ecb914e26dcbfc18b9d7.jpg,,
"SchoolTeasers | Work outfits women, Cosplay outfits, Fashion",,https://i.pinimg.com/736x/6d/44/dc/6d44dc97dba429ea2eb597505cce9534.jpg,,
How to cut school uniform blouses pictures – Schoolgirl XXX Videos ...,,https://s-media-cache-ak0.pinimg.com/236x/d4/73/5f/d4735fbba369e622221e961167b32b56.jpg,,
Members please comment on the The... - Calvary College Anaka ...,,https://lookaside.fbsbx.com/lookaside/crawler/media/?media_id=254472058569355,,
