Title,Note,URL,Tags,Comment
,,,,
Jana H. Gallery 1209 - Crush Feet - 15 Photos,,https://www3.ffetish.photos/uploads/posts/2018-11/jana-h_-gallery-1209-crush-feet-jana-h_-001209-01-image-2.jpg,,
Jana H. Gallery 1208 - Crush Feet - 15 Photos,,https://www3.ffetish.photos/uploads/posts/2018-11/jana-h_-gallery-1208-crush-feet-jana-h_-001208-11-image-2.jpg,,
Jana H. Clip 286-1 - Crush Feet - HD/WMV,,https://ffetish.video/uploads/posts/2018-11/jana-h_-set-286-1-crush-feet-image-1.jpg,,
Jana H. Gallery 1211 - Crush Feet - 15 Photos,,https://www3.ffetish.photos/uploads/posts/2018-11/jana-h_-gallery-1211-crush-feet-jana-h_-001211-13-image-1.jpg,,
Jana H. Gallery 1210 - Crush Feet - 15 Photos,,https://www3.ffetish.photos/uploads/posts/2018-11/jana-h_-gallery-1210-crush-feet-jana-h_-001210-06-image-3.jpg,,
Jana H. Gallery 1210 - Crush Feet - 15 Photos,,https://www3.ffetish.photos/uploads/posts/2018-11/jana-h_-gallery-1210-crush-feet-jana-h_-001210-14-image-2.jpg,,
Jana H. Gallery 1212 - Crush Feet - 15 Photos,,https://www3.ffetish.photos/uploads/posts/2018-11/jana-h_-gallery-1212-crush-feet-jana-h_-001212-06-image-1.jpg,,
Jana H. Gallery 1210 - Crush Feet - 15 Photos,,https://www3.ffetish.photos/uploads/posts/2018-11/jana-h_-gallery-1210-crush-feet-jana-h_-001210-12-image-1.jpg,,
