Title,Note,URL,Tags,Comment
,,,,
Public Feet - Online Foot Fetish Community,,http://www.publicfeet.com/public/media/front/post/img/2010542.jpg,,
Iwona Gallery 765 - Crush Feet - 15 Photos,,https://www3.ffetish.photos/uploads/posts/2018-11/iwona-gallery-765-crush-feet-iwona-000765-04-image-1.jpg,,
Iwona Gallery 767 - Crush Feet - 13 Photos,,https://www3.ffetish.photos/uploads/posts/2018-11/iwona-gallery-767-crush-feet-iwona-000767-09-image-2.jpg,,
Iwona Gallery 765 - Crush Feet - 15 Photos,,https://www3.ffetish.photos/uploads/posts/2018-11/iwona-gallery-765-crush-feet-iwona-000765-14-image-2.jpg,,
Iwona Gallery 766 - Crush Feet - 15 Photos,,https://www3.ffetish.photos/uploads/posts/2018-11/iwona-gallery-766-crush-feet-iwona-000766-15-image-1.jpg,,
Sunny Gallery 393 - Crush Feet - 16 Photos,,https://www3.ffetish.photos/uploads/posts/2018-11/sunny-gallery-387-crush-feet-sunny-000387-13-image-1.jpg,,
Katrin Gallery 885 - Crush Feet - 15 Photos,,https://www3.ffetish.photos/uploads/posts/2018-11/katrin-gallery-887-crush-feet-katrin-000887-12-image-1.jpg,,
Coco Gallery 1388 - Crush Feet - 15 Photos,,https://www3.ffetish.photos/uploads/posts/2018-11/coco-gallery-1389-crush-feet-coco-001389-06-image-1.jpg,,
Coco Gallery 1388 - Crush Feet - 15 Photos,,https://www3.ffetish.photos/uploads/posts/2018-11/coco-gallery-1387-crush-feet-coco-001387-06-image-1.jpg,,
Coco Gallery 1388 - Crush Feet - 15 Photos,,https://www3.ffetish.photos/uploads/posts/2018-11/coco-gallery-1388-crush-feet-coco-001388-10-image-1.jpg,,
"Crush fetish 2014, crawdad, crushing - sex video N20255579",,http://img.pornpoppy.com/tmb/c7/ac/20255579/240x180-10.jpg,,
"Crush fetish 2014, crawdad, crushing - porno video N20255579 @ XXX ...",,http://img.xxxvogue.net/tmb/c7/ac/20255579/240x180-2.jpg,,
"Barefoot crawdad crush - Aliona - crush, crush, feet - Download ...",,https://ci.phncdn.com/videos/201802/21/155442972/original/(m=eaf8Ggaaaa)(mh=IEyvHpBqST3RZ9YV)2.jpg,,
Sabrina Gallery 354 - Crush Feet - 15 Photos,,https://www3.ffetish.photos/uploads/posts/2018-11/sabrina-gallery-354-crush-feet-sabrina-000354-13-image-3.jpg,,
Sabrina Gallery 354 - Crush Feet - 15 Photos,,https://www3.ffetish.photos/uploads/posts/2018-11/sabrina-gallery-354-crush-feet-sabrina-000354-08-image-1.jpg,,
Sabrina Gallery 355 - Crush Feet - 14 Photos,,https://www3.ffetish.photos/uploads/posts/2018-11/sabrina-gallery-355-crush-feet-sabrina-000355-02-image-1.jpg,,
Monique Gallery 309 - Crush Feet - 24 Photos,,https://www3.ffetish.photos/uploads/posts/2018-11/monique-gallery-309-crush-feet-monique-000309-10-image-1.jpg,,
Nita Gallery 826 - Crush Feet - 15 Photos,,https://www3.ffetish.photos/uploads/posts/2018-11/nita-gallery-909-crush-feet-nita-000909-14-image-1.jpg,,
Jana H. Gallery 1211 - Crush Feet - 15 Photos,,https://www3.ffetish.photos/uploads/posts/2018-11/jana-h_-gallery-1211-crush-feet-jana-h_-001211-14-image-3.jpg,,
Jenia Gallery 773 - Crush Feet - 15 Photos,,https://www3.ffetish.photos/uploads/posts/2018-11/jenia-gallery-773-crush-feet-jenia-000773-04-image-3.jpg,,
Jenia Gallery 773 - Crush Feet - 15 Photos,,https://www3.ffetish.photos/uploads/posts/2018-11/jenia-gallery-773-crush-feet-jenia-000773-14-image-2.jpg,,
"Teen told by school to 'change clothes' as boys were 'too distracted' by 
her outfit - Mirror Online",,https://i2-prod.mirror.co.uk/incoming/article11178614.ece/ALTERNATES/s615b/Demetra-Alarcon.jpg,,
girls black skirt Off 62% - ijapie.org,,https://xcdn.next.co.uk/Common/Items/Default/Default/ItemImages/Search/224x336/989925.jpg,,
Skirts For Fall: Amazon Fashion Finds - Hat on the Map,,https://i0.wp.com/hatonthemap.com/wp-content/uploads/2020/09/IMG_3843.jpg?resize=497%2C768&ssl=1,,
"Devin Caherly(@devincaherly) on TikTok: Tag em! #fyp #foryou #devincaherly 
#school | I am coming home, Funny conversations, Really funny memes",,https://i.pinimg.com/564x/be/86/4a/be864a6688cc42e2312bc74b1e7714c0.jpg,,
Scholar Spotlight: Allison Allison... - John Adams Academy | Facebook,,https://lookaside.fbsbx.com/lookaside/crawler/media/?media_id=3388412931227866,,
"everlane swing skirt review,therugbycatalog.com",,https://seeannajane.com/wp-content/uploads/2019/06/D8FB1617-9430-4E6E-BBE8-CE5C16F47195.jpg,,
Summer New Washed Jeans Cotton New Style Custom Bud High Waist ...,,https://image.made-in-china.com/44f3j00DnktoHJlERbS/Summer-New-Washed-Jeans-Cotton-New-Style-Custom-Bud-High-Waist-Straight-Tube-Skirt-for-Girls-Women-Daily-Wearing.jpg,,
Luxe Leather Pencil Skirt | Romantique and Rebel,,http://romantiqueandrebel.com/wp-content/uploads/2012/09/Brown-Leather-Pencil-Skirt-Ralph-Lauren.jpg,,
Luxe Leather Pencil Skirt | Romantique and Rebel,,http://romantiqueandrebel.com/wp-content/uploads/2012/09/Brown-leather-pencil-skirt-Ralph-Lauren-3.jpg,,
