Title,Note,URL,Tags,Comment
,,,,
Buy school uniform overall dress - OFF 73%,,http://ourladyvictory.org/files/2019/08/uniform_4.jpeg,,
Pin on Saddle Shoes,,https://i.pinimg.com/originals/63/89/6f/63896f4167c65b7f8aa42a2b81774c2d.jpg,,
Upper School Campus Life - Alverno Heights Academy,,https://www.alvernoheightsacademy.org/wp-content/uploads/2016/03/AlvernoGeneralStudents-18-683x1024.jpg,,
Dress Code - Alverno Heights Academy,,http://www.alvernoheightsacademy.org/wp-content/uploads/2016/03/AlvernoGeneralStudents-6-683x1024.jpg,,
generation Emptiness bias girls skirts for school - theechelon.co.uk,,https://media-cldnry.s-nbcnews.com/image/upload/newscms/2019_21/1439789/san-diego-school-dress-code-today-inline-190522-03.jpg,,
Denim Skirts Trend 2021 | FashionGum.com,,http://fashiongum.com/wp-content/uploads/2015/01/Denim-Skirts-29.jpg,,
"26 Best Jean Skirt Outfits ideas | skirt outfits, outfits, jean ...",,https://i.pinimg.com/736x/e1/6f/96/e16f967abedf693df7f8689f4c2fd787.jpg,,
"Clothes -- Part 1 - Album on Imgur | Fashion, Denim fashion, Clothes",,https://i.pinimg.com/originals/43/c2/ed/43c2ed2d16f644f68ef622d51e7c7c46.jpg,,
