Title,Note,URL,Tags,Comment
,,,,
Pin page,,https://i.pinimg.com/736x/fe/76/6a/fe766ab5f9cbc2a52bc8d21af11a3a9b.jpg,,
"⚡️🚗🪝 #cars #carsmovie #towmater #mater #lightning #lightningmcqueen 
#lightningmcqueen95 #lightningmcqueencrocs #towmatercrocs #ootd #ootn 
#besties #sisters #halloween #halloweencostume #diy #pixar ...",,https://www.tiktok.com/api/img/?itemId=7292745578910453038&location=0&aid=1988,,
Black Leather Skirt And Tights Outfit 2025 | www.bitline.it,,https://i.styleoholic.com/2017/12/With-black-shirt-black-tights-ankle-boots-and-leather-bag.jpg,,
Give Me Burgundy,,https://i.pinimg.com/736x/32/f0/d1/32f0d187ff277510de06717a16eda798.jpg,,
Bar III Women's Faux-Leather … curated on LTK,,https://product-images-cdn.liketoknow.it/Yq.j6YvueqiQQ4RDX6g5T4VB9A3sgvUojJcfdB33bx7tQ4KdUOUXZKAEOHDSIiaHPbB1s1sHF4Ohnsppy7rN5xuKthns4eB_9mCKkkQj1Gsn8KO7nxFAig5I2PwtcxI3e42HZGBsrEnABw3C20Y.LEQWwUTuWXbAg7k.ht2KQw_0NFkeE1MoLwpZqOk-?v=0&auto=format&fm=webp&w=450&q=80&dpr=2.625,,
Solid Pleated Leather Skirt - Kids Cookie,,https://kids-cookie.com/wp-content/uploads/2024/11/WhatsApp-Image-2024-11-27-at-01.16.46_71f9717b.jpg,,
Pin page,,https://i.pinimg.com/736x/54/a1/77/54a177c73c2e25fafd475f19217ad06e.jpg,,
"Grades 4, 6 and 8! 📚 Bittersweet ~ the last time the Krysiak ...",,https://lookaside.instagram.com/seo/google_widget/crawler/?media_id=3450003459698697988,,
16 years ago today this girl was born and made the world a little ...,,https://lookaside.instagram.com/seo/google_widget/crawler/?media_id=2400175799993787853,,
Pink Denim Mini Skirt | Sihyeon - Everglow - Fashion Chingu,,https://s1.aptocdn.com/www.fashionchingu.com/wp-content/uploads/2023/08/Sihyeon-Everglow-Pink-Denim-Mini-Skirt-1.jpeg,,
2 Pack Classic Denim Mini Skirt | boohoo UK,,https://media.boohoo.com/i/boohoo/fzz16553_mid%20blue_xl/female-mid%20blue-2-pack-classic-denim-mini-skirt/?w=900&qlt=default&fmt.jp2.qlt=70&fmt=auto&sm=fit,,
Skirts | Color Block Denim Mini Skirt | Poshmark,,https://di2ponv0v5otw.cloudfront.net/posts/2023/12/06/6570d5474bd7602320465939/m_wp_6570d56a7dfcc2d30adb5a49.webp,,
Baji - Charlotte Pink - Pink denim skirt with brown stitching for ...,,https://static.molo.com/molo-style/-girl-skirts-baji-charlotte-pink-/2s25d111_5463_z1.jpg?width=1000&height=1200&trim.threshold=90&bgcolor=white,,
Girls' High Waist Denim Skirt | Cute Girls' Clothes – Hayden Girls,,https://www.haydengirls.com/cdn/shop/files/G5728_20MID_20DENIM-1_1024x1024.jpg?v=1738138609,,
Cargo Skirt Pink | NA-KD,,"https://www.na-kd.com/cdn-cgi/image/width=300,quality=80,sharpen=0.3/globalassets/cargo_skirt-1779-000020-00150478_01c.jpg?ref=689A4F02F3",,
Light Pink Denim Skirt and Jacket Co-ord - Viola – Rebellious Fashion,,https://rebelliousfashion.com/cdn/shop/products/Light-Pink-Denim-Skirt-and-Jacket-Co-ord-Viola-9_44eed09f-9a9b-47da-b837-5fcbe897f8ab.jpg?v=1629686608,,
Denim Mini Skirt – STREET NINE FASHIONS,,https://street9.com/cdn/shop/products/SKT00009109XS_1_4890695c-318b-4647-a76a-653f36d2a567.jpg?v=1709027054&width=533,,
Unlock Business Casual Style with the Perfect Black Jean Skirt,,https://i.pinimg.com/736x/14/94/28/149428a016704ca09cca2139736732c4.jpg,,
Save 40% On Our Pink Denim Skirt Sets! 💞⁠ 🔎 Mini Come Check This ...,,https://lookaside.instagram.com/seo/google_widget/crawler/?media_id=3403724575956604315,,
Aunt and Niece Photoshoot: Tulle Skirts and Denim Shirts | Yanitza ...,,https://images.squarespace-cdn.com/content/v1/577d556120099e5a0653bb1c/1610044349252-Y2DIMVNFC8ZIHDG6G6PO/girl+smiling+wearing+pink+tulle+skirt+and+denim+shirt,,
Patch Pocket Denim Skirt | Banana Republic,,https://bananarepublic.gap.com/webcontent/0020/555/593/cn20555593.jpg,,
FINAL SALE Meredith High Rise Denim Skirt – Shoppe3130,,https://shoppe3130.com/cdn/shop/files/IMG_2265_ddc93871-74ae-42bd-a1a7-52389b4a54e8.jpg?v=1694445119&width=1445,,
HARLEY DENIM SKIRT- Black wash - Lunar Fox,,https://lunarfox.com.au/cdn/shop/products/LF_RND2_JULY_WEB-384_458e6632-b5e6-4f86-b17f-f2879129237e_2048x.jpg?v=1664344409,,
Jaz denim mini skirt white cheap,,https://i.pinimg.com/236x/b6/00/bc/b600bc4c6380eece76d1bb38e2a2ee90.jpg,,
Judy Blue Hot Pink Denim Skirt · Filly Flair,,https://www.fillyflair.com/cdn/shop/products/3D4A7446_e9f0da43-22b1-4dcb-bdb6-596214756949.jpg?v=1677056151&width=1400,,
Calla Buttons Denim Skirt in White | FlymetoParis,,https://d11ejhes355zl5.cloudfront.net/sites/files/flymetoparis/productimg/202101/800x1200/Calla-Buttons-Denim-Skirt-in-White-Denim-4.jpg,,
Fashion Look Featuring H&M Tops and H&M Skirts by HerFashionedLife ...,,https://i.pinimg.com/736x/31/13/09/31130905f2e052dec234d72a9b4d0bd1.jpg,,
Maui Skirt: White,,https://cdn.shopify.com/s/files/1/1011/2122/files/olxchjun7sxll6b60r6z.jpg?v=1704237446,,
Peyton Denim Mini Skirt – Avabelle,,https://www.shopavabelle.com/cdn/shop/files/F61B5BAE-0019-4D44-9B66-FBD22010BB5E.jpg?v=1710470913,,
Denim skirt top with white shoes,,https://i0.wp.com/somethingbeautifultheblog.com/wp-content/uploads/2017/09/Halogen-Shoes-with-Denim-Skirt-3.jpg,,
Jean online skirt $10,,https://www.wearandwhenblog.com/wp-content/uploads/2017/06/IMG_9193.jpg,,
How The Denim Skirt Still Works - 90s Trends - Pointed North,,https://pointed-north.com/wp-content/uploads/2018/08/Denim-Skirt-Madewell-Tee-8.jpg,,
Aje Denim Skirt – STYLE ME PEACHY,,https://www.stylemepeachy.com.au/cdn/shop/files/D0DEB014-DFCA-49BC-9F7C-7938B8A541A4.jpg?v=1732168271,,
VidÃ©othÃ¨que - jean skirt styles,,https://i.pinimg.com/originals/02/c8/ea/02c8ea841f6e143e643d023729116daa.jpg,,
Denim skirt 2025 outfit 2018,,https://katiesbliss.com/wp-content/uploads/2018/08/Leith-Dolman-Sleeve-Cardigan-4.jpg,,
Shirts With Jean Skirts 2025 | www.hockeyplayer.com.ar,,https://i.pinimg.com/originals/ea/a5/60/eaa56003d2cd3cb2cdb81761ea98e8f6.jpg,,
Denim skirt top trend 2018,,https://i0.wp.com/kendraraymer.com/wp-content/uploads/2018/09/untitled-1-2-1.jpg,,
"white button-front top, denim skirt, straw bag, and slide sandals ...",,https://i.pinimg.com/736x/2b/a3/e8/2ba3e8fe94db85adc8c879cecd2691b0.jpg,,
T Shirt And Jean Skirt 2025 | www.nostos.com.gr,,https://stephaniepernas.com/wp-content/uploads/2017/02/Gray-ruffle-sleeve-tee-jean-skirt-800x1200.jpg,,
white denim skirt outfit summer Convenient shopping - OFF 68%,,https://i.pinimg.com/originals/79/ea/f5/79eaf57b1d968054d4e67b38c8b13efb.jpg,,
Mrat Denim Skirt,,https://brightontheday.com/wp-content/uploads/2024/07/Brighton-9-5.jpg,,
Completed: The 70s Denim Skirt | LLADYBIRD,,https://lladybird.com/wp-content/uploads/2015/09/06987-21423952030_2dff269964_z.jpg?w=448&h=640,,
the button front denim skirt — janna doan,,https://i.pinimg.com/736x/a7/79/40/a779403ccb4c542e0adf7a38c66b0266.jpg,,
Girl Denim Skirt Price Starting From Rs 560/Unit. Find Verified ...,,"https://content.jdmagicbox.com/quickquotes/images_main/girls-a-line-denim-skirt-802439037-m9hgjl11.jpg?impolicy=queryparam&im=Resize=(360,360),aspect=fit",,
"15 ideas de Faldas a la rodilla | moda faldas, faldas, falda a la ...",,https://i.pinimg.com/236x/29/e9/63/29e963c0fe84554fad113854db48da0b.jpg,,
"12 ideas de Mi Falda y yo Wikit | faldas de mezclilla, moda faldas ...",,https://i.pinimg.com/236x/5e/dc/99/5edc99a88af3136bf3c9448a3a6fe323.jpg,,
"8 ideas de Falda con tenis | ropa cristiana, moda faldas, ropa ...",,https://i.pinimg.com/236x/3a/06/b4/3a06b4dfd55b71e7094c71aaf90e63a0.jpg,,
"12 ideas de Faldas beige oscuro o naranjas | moda, ropa, moda faldas",,https://i.pinimg.com/236x/25/7a/39/257a395ee432b6680c2acfc2acf811c5.jpg,,
͏ ͏ on Twitter,,https://i.pinimg.com/736x/a1/67/e5/a167e50b994701a2c7b2429213fdbc77.jpg,,
purple tights outfit - Cheap Online Shopping -,,https://www.fashion-tights.net/uploads/4/7/4/1/47416471/p2856.png,,
