Title,Note,URL,Tags,Comment
,,,,
For-30 Lederröcke für Damen | FASHIOLA.de,,https://cdn.fashiola.de/L871852854/lederimitatrock-minirock-in-klassischem-stil-partyrock.jpg,,
For-30 Lederröcke für Damen | FASHIOLA.de,,https://cdn.fashiola.de/L871853173/lederimitatrock-minirock-in-klassischem-stil-partyrock.jpg,,
"Pin von L W auf Carla Brown | Lederrock, Carla brown, Leder",,https://i.pinimg.com/736x/1f/86/82/1f86827f7be086862e5a9b9d41572fd1.jpg,,
Poses free sex photos 120,,https://sexphotos.pw/image/onlytease/summer/unblocked-babe-xossip/hd-summer-19.jpg,,
pinterest.com,,https://i.pinimg.com/originals/c3/1c/e6/c31ce634e925ed36a4fd797babf19f7a.jpg,,
justthedesign.com,,http://www.justthedesign.com/wp-content/uploads/2014/04/Pleats14.jpg,,
Amanda Holden : r/pencilskirts,,https://preview.redd.it/amanda-holden-v0-jwszyxyorrwa1.jpg?width=168&format=pjpg&auto=webp&s=926a54e3c726c4d78ac444e9fa827cc2a28b9fe7,,
Amanda Holden flashes her toned tanned legs in leather miniskirt ...,,https://www.thesun.co.uk/wp-content/uploads/2023/01/amanda-holden-flashes-toned-tanned-786802787.jpg,,
Sell > leather skirt blouse > Very cheap -,,https://images.hellomagazine.com/horizon/original_aspect_ratio/c5cb3c577e6b-amanda-holden-skirt.jpg,,
Amanda Holden posts hilarious Euros celebration video but fans ask ...,,https://i2-prod.mylondon.news/incoming/article20845803.ece/ALTERNATES/s1200/0_Screenshot-90.png,,
Amanda Holden posts hilarious Euros celebration video but fans ask ...,,https://i2-prod.mylondon.news/incoming/article20845803.ece/ALTERNATES/s1200c/0_Screenshot-90.png,,
pinterest.co.uk,,https://i.pinimg.com/736x/bd/e1/15/bde115742c2ac30d19dad8689c563d76.jpg,,
Amanda Holden wears chic pink coat and silk skirt at Heart FM ...,,https://i.dailymail.co.uk/1s/2020/11/18/12/35815506-8961599-Twinning_Taking_to_Instagram_the_broadcaster_shared_a_playful_sn-a-1_1605703348563.jpg,,
"Amanda Holden, 51, dances in office wearing thigh-high dress and ...",,https://i2-prod.dailystar.co.uk/incoming/article28493287.ece/ALTERNATES/s615b/1_Amanda-Holden.jpg,,
"amanda holden knee high boots for Sale,Up To OFF 77%",,https://i.dailymail.co.uk/1s/2020/03/06/14/25627374-8083107-image-m-106_1583506365949.jpg,,
Amanda Holden strikes a pose in leather mini skirt and knee-high ...,,https://i.pinimg.com/474x/82/7b/bb/827bbb91fa0ebf75c51de41b1910ebd1.jpg,,
amanda holden leather skirt this morning - Hot Sale Online - Up To ...,,https://i2-prod.dailystar.co.uk/incoming/article25102497.ece/ALTERNATES/s615b/0_Screenshot-2021-09-29-at-092533.jpg,,
amanda holden leather skirt this morning Online Sale -,,https://i.pinimg.com/originals/08/c0/48/08c0486e179d6ec1cb85e95623b4c4b2.jpg,,
pinterest.com,,https://i.pinimg.com/originals/35/8c/28/358c283794745ecd7b4bcf65988076ee.jpg,,
thesun.ie,,,,
hellomagazine.com,,https://www.hellomagazine.com/imagenes/fashion/celebrity-style/2019061274096/amanda-holden-lilac-skirt-instagram-karen-millen/0-360-752/amanda-holden-outfit-instagram-z.jpg,,
Karen Gillan shows off her perfect pins in leather mini skirt ...,,https://cdn.images.express.co.uk/img/dynamic/79/590x/secondary/206213.jpg?r=1686998680160,,
pinterest.com,,https://i.pinimg.com/originals/7b/ee/3f/7bee3f42db59954e2a16f88aeca9963f.jpg,,
aclu.org,,https://www.aclu.org/sites/default/files/styles/content_area_full_width/public/wysiwyg/blog16-keely-768x1024.jpg?itok=zmGt1prZ,,
yahoo.com,,https://s.yimg.com/ny/api/res/1.2/1V8tJsx25lUDNvbCatljZg--/YXBwaWQ9aGlnaGxhbmRlcjt3PTk2MDtoPTk2MA--/https://s.yimg.com/uu/api/res/1.2/j9PsPGuBOUntrwfFVULheQ--~B/aD0yMDQ4O3c9MjA0ODthcHBpZD15dGFjaHlvbg--/https://media.zenfs.com/en/popsugar_fashion_831/0d6388ab3735511625143542e62fbe30,,
