Title,Note,URL,Tags,Comment
,,,,
Button-Up Women's Tall Denim Skirt | American Tall,,https://americantall.com/cdn/shop/products/American-tall-womens-button-denim-skirt-indigoblue-lifestyle_1445x.jpg?v=1628627202,,
Alpha Omicron Pi | love you from coast to coast🤍 the sweetest big ...,,https://lookaside.instagram.com/seo/google_widget/crawler/?media_id=3310963008082179086,,
Alpha Omicron Pi | This past weekend 🏈❤️ | Instagram,,https://lookaside.instagram.com/seo/google_widget/crawler/?media_id=3449132875071866814,,
Aila ☻ | YESS WE DIDNT LOSE THIS TIME 🙏🏻🙏🏻 | Instagram,,https://lookaside.instagram.com/seo/google_widget/crawler/?media_id=3462820802733112971,,
Pin page,,https://i.pinimg.com/736x/c5/bd/71/c5bd71b64db207e3b628bf51960096b9.jpg,,
KAydee crush dress inspo,,https://i.pinimg.com/736x/f2/d1/5a/f2d15a5bcf0057bedb0594a512453857.jpg,,
Oh Polly satin red dress with cowl neck and criss... - Depop,,https://media-photos.depop.com/b0/7611338/519974659_dMzyKFxXEG/U0.jpg,,
North Catholic High School | We are excited to announce our 2023 ...,,https://lookaside.instagram.com/seo/google_widget/crawler/?media_id=3190994467712177456,,
"Image tagged with office, glasses, lipstick – @tightshinyclothes ...",,https://64.media.tumblr.com/843cefccf5b88918fa965dc27e2824a4/f9921d6089af2cc7-f6/s540x810/a0ae16c9625d76034f7b3491c0f98981159a54dc.jpg,,
Choose one - Tight Dresses & High Heels | Facebook,,https://lookaside.fbsbx.com/lookaside/crawler/media/?media_id=310468824895350,,
Girls in Highheels,,https://i.pinimg.com/564x/e8/e4/39/e8e439e6f33f255c5c215bad66af7187.jpg,,
Girls in tight dress high heels | Women In Tight Dresses ...,,https://www.stylevore.com/wp-content/uploads/2020/01/4323249f6434f5d10419532b92621ede.jpg,,
Pin page,,https://i.pinimg.com/originals/6a/73/eb/6a73ebc0aa5c036fc8de91b23f52615c.jpg,,
Group Girls Posing Cocktail Dresses Stock Photos and Pictures ...,,https://www.shutterstock.com/image-photo/multicultural-beauty-fashion-woman-concept-260nw-666304411.jpg,,
Pin page,,https://i.pinimg.com/474x/d4/fa/95/d4fa95871918303157a3ceba96c890a2.jpg,,
"Girls in High Heels on X: ""3 Teen Girls in Skirt and Strappy Heels ...",,https://pbs.twimg.com/media/Cx_LT_tWEAAZEx8.jpg,,
"Girls in High Heels on X: ""2 Teen Girls in White Platform High ...",,https://pbs.twimg.com/media/Cb6ybbkW0AEjWrQ.jpg,,
"Girls in High Heels on X: ""2 Teen Girls in Dress and Strappy Heels ...",,https://pbs.twimg.com/media/CiLtXRHWMAAT1go.jpg,,
"Girls in High Heels on X: ""2 Teen Girls in Platform High Heels ...",,https://pbs.twimg.com/media/B6lyKpDCUAIkm_X.jpg,,
"Image tagged with cute, teen, girls – @girlsinhighheels on Tumblr",,https://64.media.tumblr.com/b6a2573d902c416b7898e6f527df5519/tumblr_owkugkYNZr1vonctto1_1280.jpg,,
"Girls in High Heels on X: ""2 Teen Girls in Platform High Heels ...",,https://pbs.twimg.com/media/CdiZoJSWIAAmmyN.jpg,,
"Girls in High Heels on X: ""2 Hot Girls in Platform High Heels ...",,https://pbs.twimg.com/media/COPWugVWgAAYzZ5.jpg,,
"Girls in High Heels on X: ""3 Teen Girls in Skirt and High Heels ...",,https://pbs.twimg.com/media/CSZ0qdTXIAA2_zI.jpg:large,,
Girl Crush Bow Mini Dress - Pink,,https://us.peppermayo.com/cdn/shop/files/Peppermayo-220424-66Girl-Crush-Bow-Mini-Dress-Pinkjpg_1024x1024.jpg?v=1713415144,,
What To Wear With Short Skirts In Summer | International Society ...,,http://www.fenzyme.com/wp-content/uploads/2019/04/Cute-Mini-Skirt-Ideas-to-Try-this-Summer-12.jpg,,
Skirts & Skorts – Flowers By Zoe Clothing,,https://flowersbyzoe.clothing/cdn/shop/files/DSC5548.jpg?v=1697250474&width=700,,
Albany Dress Consignment | Come consign last year's Homecoming ...,,https://lookaside.instagram.com/seo/google_widget/crawler/?media_id=3444051027681025626,,
Fancy That Prom - Open today for homecoming shopping from 12-5 ...,,https://lookaside.fbsbx.com/lookaside/crawler/media/?media_id=1008321601296265,,
Albany Dress Consignment Sale - @alyceparis | Size 6 | $200 The ...,,https://lookaside.fbsbx.com/lookaside/crawler/media/?media_id=848632980580807,,
Putting On The Ritz (@putting_on_the_ritz) • Instagram photos and ...,,https://lookaside.instagram.com/seo/google_widget/crawler/?media_id=3462072110904189682,,
Panama City Formal Dress Shop | Short and sweet 🩵 We love this ...,,https://lookaside.instagram.com/seo/google_widget/crawler/?media_id=3439018143807918107,,
"Party Girls Boutique | Formal Dress Shop in Newtown, PA",,https://images.squarespace-cdn.com/content/v1/64beddafcb67c35acbff937a/1724167666917-S5LQ1AYQH5YSBHRJY9T5/Party_Girls_Dress201jpg.jpg,,
Black And Brown Party Wear Short Dress in Delhi at best price by ...,,https://images.jdmagicbox.com/quickquotes/images_main/black-and-brown-party-wear-short-dress-387294044-73333.png,,
Tight Hot Pink Sequins Short Party Dress – Dreamdressy,,https://dreamdressy.com/cdn/shop/products/8003293-1_b8d3144d-8eca-4970-ae3f-d96883594521_725x.jpg?v=1632615410,,
Summer Wholesale Fashion Street Ladies Sexy Dresses Clothing Solid ...,,https://image.made-in-china.com/2f0j00fanbQrzlvtkJ/Summer-Wholesale-Fashion-Street-Ladies-Sexy-Dresses-Clothing-Solid-Color-Club-Suspenders-Girl-Women-Sequin-Short-Party-Dress.webp,,
Beautiful Blond Woman Makeup Wear Stylish Short Dress for Party ...,,https://thumbs.dreamstime.com/b/beautiful-lady-blonde-hair-cute-dress-walking-street-beautiful-young-lady-blonde-hair-cute-dress-walking-100941843.jpg,,
Premium Photo | Two sexy girls in short dresses posing with ...,,https://img.freepik.com/premium-photo/two-sexy-girls-short-dresses-posing-with-cocktails-restaurant-party-attractive-stylish-blondes-wearing-red-black-dresses-high-heels-girls-drink-cocktails-having-fun_132075-12076.jpg?w=360,,
Amazon.com: Lace Appliques Tulle Homecoming Dresses for Teens ...,,https://m.media-amazon.com/images/I/61QUaOtJyYL._AC_UY350_.jpg,,
Miao Duo Periwinkle Homecoming Dress Short Lace ... - Amazon.com,,https://m.media-amazon.com/images/I/618YSjYbseL._AC_UY1000_.jpg,,
"Rjer Lace Homecoming Dresses for Teens Tight Short Prom Dress Spaghetti 
Straps Cocktail Party Dresses",,https://m.media-amazon.com/images/I/61ax-qb5TGL._AC_UY1000_.jpg,,
Sailor Stoner~* — shay-gnar: me and the ever so beautiful...,,https://64.media.tumblr.com/d3a30eb81558c1814bfbe94f092e0183/tumblr_o7ne66NE2x1rmiw96o1_1280.jpg,,
Thcolleen — shay-gnar: planetpurp: ...,,https://64.media.tumblr.com/5248b6a4473e0e06e478e0c9607a40eb/tumblr_nr7371o44f1rsoq23o1_1280.jpg,,
Girls in Highheels,,https://i.pinimg.com/736x/f3/37/9a/f3379a71e62a12bddb78a813e36edbf0.jpg,,
Passion - Sexy Personals for Passionate Singles,,https://i.pinimg.com/736x/6f/da/27/6fda27a56bab2686eb6e66ceaf0b7eb3.jpg,,
