Title,Note,URL,Tags,Comment
,,,,
"Pin by Welbournjohn on Leather skirt | Leather dresses, Long ...",,https://i.pinimg.com/564x/65/38/b1/6538b1f1e35242fe1bac9e98c83b7f73.jpg,,
Bright leather mini skirt (№ 37799) ♡ Gepur - women clothes store,,https://img.gepur.com/products/40000/37799/webp/687/37799_5.webp?1611657082,,
Leather skirt : r/skirt,,https://i.redd.it/tnfwkkaj7nrb1.jpg,,
Faux Leather Croc Mini Skirt in Black – Freespiritsfashion,,https://freespiritsfashion.co.in/cdn/shop/files/faux-leather-croc-mini-skirt-in-black-skirts-322_compact.webp?v=1690450978,,
Do you think this leather skirt looks good on me? : r/crossdressing,,https://i.redd.it/do-you-think-this-leather-skirt-looks-good-on-me-v0-r4m6i4q648ob1.jpg?width=3272&format=pjpg&auto=webp&s=effcc231ac9898c07923dd9682cdbad731d998ea,,
"20 Beautiful Leather Skirt Outfits Ideas To Try Instaloverz, 48% OFF",,https://resize.allw.mn/filters:format(webp)/filters:quality(70)/content/fashion/2012/08/433_682x1023.jpg,,
"Burgundy PU Leather Scalloped Hem A-Line Skirt James Ascher, 56% OFF",,https://jamesascher.com/cdn/shop/products/image_1921e1b4-b184-4a89-a80b-f9fd7d7aa89c_1024x1024.png?v=1571709208,,
"Faux Leather Skirt Wine, 55% OFF | ocoyucanpuebla.gob.mx",,https://i.pinimg.com/originals/32/f0/d1/32f0d187ff277510de06717a16eda798.jpg,,
"tk maxx leather skirt for Sale,Up To OFF 72%",,https://i.pinimg.com/originals/a1/a5/41/a1a5415012ceb9d23d602e54d766ee01.jpg,,
black leather skirt with sweater Hot Sale - OFF 67%,,https://2.bp.blogspot.com/-iN8ivsrEOU4/UxFRnOeruSI/AAAAAAAABGk/5my38fo7lv0/s1600/DSC_0091.jpg,,
Leather Skirt ella - Etsy Australia,,https://i.etsystatic.com/7075444/r/il/3ebb9a/2530302813/il_570xN.2530302813_k31l.jpg,,
"Designer fashion, Seoul-fully created | W Concept",,https://cdn.wconcept.com/products/resize/632x843/migration/i/imgpin.wconceptusa.com/17f9a8fa6e0/2dec1/44/GIr9aEAcJRRUzvSteM88rrbtwpY.png,,
"Pin On Leather Skirt❤, 57% OFF | nongmon.co.th",,https://i.pinimg.com/550x/e6/54/a4/e654a4786d6db6cf94d7451a52d0c8f8.jpg,,
white patent leather skirt Hot Sale - OFF 70%,,https://www.twinset.com/on/demandware.static/-/Sites-master-catalog/default/dw414aef68/images/TwinSet/Images/Catalog/201MP2240-00145-01.JPG,,
Ribbed Knit Puff Sleeve Top & PU Leather Skirt,,https://i.pinimg.com/736x/3c/97/08/3c9708462462f958b04e81915cbef26f.jpg,,
Pin on Pure Cuteness,,https://i.pinimg.com/474x/8a/f3/2c/8af32c95a216e645023006696aa0c262.jpg,,
leather skirt for teens - Google Search | Crop top outfits ...,,https://i.pinimg.com/564x/9b/30/06/9b30066de87d122447cdf78d0e185658.jpg,,
Buy Nelly Front Detailed Pu Skirt - Black | Nelly.com,,https://media.nelly.com/i/nlyscandinavia/241724-0014_01?fmt=webp&qlt=default&w=469&h=625&sm=c,,
High Waist Leather Skirt 2021 New Fashion Fall Winter PU Pockets ...,,https://ae01.alicdn.com/kf/Hbf8b2bf9a4a445108f9ddae9cc94d2d9x.jpg_640x640q90.jpg,,
Teen Girl Contrast Mesh Flounce Sleeve Top & Knot Side PU Leather ...,,https://img.ltwebstatic.com/images3_pi/2023/09/01/00/16935436321913595295f17aa28e81b223e6e369af_thumbnail_720x.jpg,,
Teen Girl Pearls Beaded Tee & Ruched PU Leather Skirt for ...,,https://img.ltwebstatic.com/images3_pi/2023/09/06/f2/16939782700532fe77185457fee69d1e9b62547e8a_thumbnail_720x.jpg,,
"Girls in High Heels on X: ""Blonde Girl in Leather Skirt and Black ...",,https://pbs.twimg.com/media/CX-S0X8WEAESanY.jpg,,
Silence + Noise Women's Faux Patent Leather Skirt Black Size ...,,https://i.ebayimg.com/images/g/2oAAAOSweOtgmsTn/s-l400.jpg,,
"Walter Baker Sorbet Patent Haley Skirt, Sorbet Patent - Leather ...",,https://images.verishop.com/walter-baker-haley-skirt-sorbet-patent-leather/M00196223043365-2096904292?auto=format&cs=strip&fit=max&w=768,,
"faina Women's Skirt, Black, L : Amazon.co.uk: Fashion",,https://m.media-amazon.com/images/I/61TX4MO-bfL._AC_UY1000_.jpg,,
pink leather skirt and top - Shop The Best Discounts Online OFF 51%,,https://i.pinimg.com/originals/58/fb/62/58fb62ca5e0b961be5448fffdcaadde0.jpg,,
"faina Women's Leather Skirt, Wool White, XS : Buy Online at Best ...",,https://m.media-amazon.com/images/I/31teEiziStL._AC_SY350_.jpg,,
Keeping Tabs on This Faux Leather Skirt | Nasty Gal,,https://media.nastygal.com/i/nastygal/agg82694_rose_xl/female-rose-keeping-tabs-on-this-faux-leather-skirt/?w=1070&qlt=default&fmt.jp2.qlt=70&fmt=auto&sm=fit,,
Faux Leather Mini Skirt in Black – Cattivo,,https://cdn.shopify.com/s/files/1/0052/6640/7496/files/30dc9270024410866e3ac36d0df53d62e5a6526084a995f3e5da031f79671c91.webp?v=1701733615&width=320,,
RED VEGAN LEATHER MINI SKIRT | Morgan Rae Boutique,,https://129294040.cdn6.editmysite.com/uploads/1/2/9/2/129294040/s731231021261348845_p4548_i1_w1200.jpeg,,
"Top 10 Brown Leather Skirt Ideas And Inspiration, 48% OFF",,https://i.pinimg.com/474x/13/81/fd/1381fd8efc2614cf963d10e2c21ad277.jpg,,
"Double Breasted PU Leather Skirt, M1856413, Brown, XS: Buy Online ...",,https://m.media-amazon.com/images/I/51as-5Ec2tL._AC_.jpg,,
Boss Ohne Beschwerde teen leather skirt Vision Haar Mannschaft,,https://img.ltwebstatic.com/images3_pi/2021/12/01/1638339786c16ffed21904766791b5eebdb4a3bef2.webp,,
Woman in Leather Jacket and Skirt Stock Image - Image of woman ...,,https://thumbs.dreamstime.com/z/sexy-blond-woman-wearing-leather-jacket-skirt-hallway-woman-leather-jacket-skirt-146975489.jpg,,
Young Girl in Leather Jacket Stock Photo by ©eugenef 93779808,,https://st2.depositphotos.com/1549166/9377/i/950/depositphotos_93779808-stock-photo-young-girl-in-leather-jacket.jpg,,
Real Leather High Waisted Mini Skirt | Nasty Gal,,https://media.nastygal.com/i/nastygal/bgg00782_black_xl/female-black-real-leather-high-waisted-mini-skirt/?w=1070&qlt=default&fmt.jp2.qlt=70&fmt=auto&sm=fit,,
Beautiful young woman wearing leather skirt. Stock Photo | Adobe Stock,,https://as1.ftcdn.net/v2/jpg/02/58/02/30/1000_F_258023041_wzlnejnOezGGw7CIOOIcIPPgIPeVFOj1.jpg,,
Cassie Mini Skirt (Blue Denim) – Mura Boutique,,https://www.muraboutique.com.au/cdn/shop/files/23.09.25_MuraBoutique_Deni-151_1024x1024.jpg?v=1695787706,,
Malone Denim Stretchy High Waist Mini Skirt in Dark Washed (Lovet ...,,https://media.karousell.com/media/photos/products/2023/4/24/malone_denim_stretchy_high_wai_1682337405_e59fd5f5_progressive.jpg,,
Bassike Denim Utility Mini Skirt | Light Vintage Blue || Fifi ...,,https://www.fifiandannie.com.au/cdn/shop/products/image_61acb817-3134-4296-85ce-045e8d11f86c_1200x.jpg?v=1693636142,,
Denim Skirt - ShopperBoard,,https://img.shopperboard.com/22317051/15615666192487-1.jpg,,
"Easy Day-to-Night Denim Skirt Looks — THE EDGE, 45% OFF",,https://alloccasionscloset.com/cdn/shop/products/576C724E-846C-42EF-A897-EB9F52F135BA_1445x.jpg?v=1658244378,,
"Pink Distressed Denim Mini Skirt, 46% OFF",,https://indirosefashion.com.au/cdn/shop/products/IMG_3217.jpg?v=1679395621,,
"Pink Distressed Denim Mini Skirt, 44% OFF",,https://yokako.com/wp-content/uploads/2021/05/pink-distressed-frayed-hem-denim-mini-skirt-p8516-1200867_image.jpg,,
White Distressed Denim Mini Skirt - Thaliah – Rebellious Fashion,,https://rebelliousfashion.com/cdn/shop/products/White-Distressed-Denim-Mini-Skirt-Thaliah-7_5b3c082e-9ce9-4fbf-b6c9-8f91781022ef_medium.jpg?v=1629857764,,
Cherry Invasion Summer 2022 New Women's Denim Printing Skirt ...,,https://ae01.alicdn.com/kf/Scf20bc1bf12c425ea1f5d391528d3cfb8/Cherry-Invasion-Summer-2022-New-Women-s-Denim-Printing-Skirt-Fashion-Sexy-Mini-Short-Jeans-Skirts.jpg,,
Siletto Denim Low Rise Mini Skirt – Beginning Boutique,,https://www.beginningboutique.com.au/cdn/shop/files/SilettoLowRiseDenimMiniSkirt-304_150x.progressive.jpg?v=1699580533,,
Denim skirt The Corey Sunrise Boyish - Jane de Boy,,https://janedeboy-cdn.com/looks/1500/L05199-02.jpg,,
Buy Women's Tulip & Frayed Hem Denim Skirts Online in India - Etsy,,https://i.etsystatic.com/25606463/r/il/3e8e25/3220324412/il_570xN.3220324412_dq6f.jpg,,
"Sparkly Star Denim Skirt – Good Girls Boutique, 53% OFF",,https://i.etsystatic.com/25606463/r/il/1fde1f/3268015477/il_fullxfull.3268015477_pck0.jpg,,
Cotton On White Denim Split Midi Skirt Sz 2 100% Cotton Y2k 90s ...,,https://i.ebayimg.com/images/g/kNYAAOSwDdBic8tg/s-l1200.jpg,,
White High Waist Pencil Denim Mini Jeans Skirt For Women With ...,,https://www.dhresource.com/webp/m/0x0/f2/albu/g20/M00/93/CF/rBVaqWDORT-AHyAEAACLcr9I_W4235.jpg,,
White High Waist Pencil Denim Mini Jeans Skirt For Women With ...,,https://www.dhresource.com/webp/m/0x0/f2/albu/g20/M00/D6/A0/rBVaqWDORT-ASjDeAACKSD-WkRc356.jpg,,
Short Denim skirt with 40% discount! | ONLY®,,https://images.only.com/15170554/3867398/005/only-shortdenimskirt-white.jpg?v=cdf2bee6e15136a5c2e97ba327d016da&format=webp&width=1280&quality=90&key=25-0-3,,
"Buy Topshop Women Solid Denim Mini Skirt Black Online, 53% OFF",,https://pausejeans-online.com/60531-large_default/white-denim-skirt-carlina.jpg,,
"In Too Deep Denim Cargo Mini Skirt Sage Fashion Nova,, 53% OFF",,https://i.pinimg.com/736x/d6/d1/99/d6d199a57a82c812bedc35914b8047a8.jpg,,
Update 119+ asymmetrical denim skirt best - dedaotaonec,,https://i.styleoholic.com/2021/07/With-white-button-down-shirt-and-black-mid-calf-boots.jpg,,
White Distressed Denim Mini Skirt - Thaliah – Rebellious Fashion,,https://rebelliousfashion.com/cdn/shop/products/White-Distressed-Denim-Mini-Skirt-Thaliah_8adbeeda-03b9-45ad-ae47-a73ca1a7cf85.jpg?v=1629857741,,
"Spring Outfit Sneakers White Denim Skirt And Mint Crop Top, 42% OFF",,https://i.pinimg.com/736x/8b/da/3a/8bda3a82c2c52bfc3d4c2dfe88a97749.jpg,,
"Zayla Skirt, 60% OFF | www.nassit.org.sl",,https://i.pinimg.com/474x/56/ac/d5/56acd561eca5e9bbd93a4fc8954ba2e7.jpg,,
Hallie Denim Mini Skirt White,,https://us.princesspolly.com/cdn/shop/products/thejanuarytwins--HALLIE-DENIM-MINI-SKIRT-WHITE--US2.jpg?v=1655699366&width=767,,
"Cargo Denim Low Rise Mini Skirt, 56% OFF",,https://cottonon.com/on/demandware.static/-/Sites-catalog-master-women/default/dw40c33130/2054888/2054888-16-1.jpg,,
Denim Fitted Skirt | Seed Heritage,,https://www.seedheritage.com/on/demandware.static/-/Sites-seed-master-catalog/en_AU/v1706746705016/images/2211086001-se/2211086001-ARCTICWASH-1.jpg,,
Classic Denim Skirt - White | Target Australia,,https://www.target.com.au/medias/static_content/product/images/large/72/74/A1577274.jpg,,
"Shop White Denim Skirt At Vineyard Vines, 57% OFF",,https://i.dealdoodle.co.uk/images/e/nkBMgH0B2K1_yYS_JsEH.jpg,,
5 Pocket Skirt White Premium Denim | NYDJ – NYDJ UK,,https://nydj.co.uk/cdn/shop/products/mfozsk2332_585_0.jpg?v=1681361556,,
Ella Twill Denim Skirt,,https://tommybahama.scene7.com/is/image/TommyBahama/SW920653_033_main?$main_detail_700$,,
Girls White Denim Ripped Mom Skirt | New Look,,https://media3.newlookassets.com/i/newlook/682006210/girls/clothing/skirts/girls-white-denim-ripped-mom-skirt.jpg?strip=true&qlt=50&w=720,,
Forever 21 | Skirts | White Jean Mini Skirt Lace Up Forever 2 Size ...,,https://di2ponv0v5otw.cloudfront.net/posts/2022/01/24/61ef19ec7f80d23b420e7b65/m_61ef1a7e691412fca2b387b4.jpg,,
"White Denim Skirts, Women's Fashion, Bottoms, Skirts on Carousell",,https://media.karousell.com/media/photos/products/2024/2/1/white_denim_skirts_1706777756_46d1ac1a_progressive.jpg,,
"Denim Skirt Lightwash, Women's Fashion, Bottoms, Skirts on Carousell",,https://media.karousell.com/media/photos/products/2023/3/19/denim_skirt_mid_1679229083_361ab41a_progressive.jpg,,
"DENIM SKIRTS LEE, Fesyen Wanita, Pakaian Wanita, Bawahan di Carousell",,https://media.karousell.com/media/photos/products/2023/8/14/denim_skirts_lee_1692018472_9e32f292_progressive.jpg,,
Dark Wash Maxi Denim Skirt - JamieRose & Co.,,https://cdn.shopify.com/s/files/1/0180/5005/6292/files/20231118_145755_1600x.jpg?v=1700629995,,
Discover more than 145 dark red denim skirt latest - nhadathoangha.vn,,https://i.shopstyle-cdn.com/i/870b5a46-05b1-40ec-91e5-3231d30efc73/309-438/joe-fresh-womens-stripe-sweater-dark-red-size-xs-LivJudd.jpeg,,
"temt front pocket denim skirt in medium wash, Women's Fashion ...",,https://media.karousell.com/media/photos/products/2022/8/14/temt_front_pocket_denim_skirt__1660468525_54e7f5a9_progressive.jpg,,
Fabulously Average - 4 Ways to Style a Denim Skirt for Summer,,https://i0.wp.com/live.staticflickr.com/65535/50058506248_0a5f53bcb0_z.jpg?resize=640%2C640&ssl=1,,
"How To Style A Denim Skirt: Easy Outfit Ideas To Copy Right, 60% OFF",,http://aboutjey.com/wp-content/uploads/2017/06/IMG_8328.jpg,,
"Denim Skirt Wikipedia, 54% OFF | rbk.bm",,https://i.pinimg.com/736x/b6/46/3e/b6463ee7cc50486276ae21a3fd63d4e1.jpg,,
High Waist Denim Skirt- Shop Jernijacks – jernijacks,,https://jernijacks.com/cdn/shop/products/high-waist-denim-skirt-163568.jpg?v=1620893127&width=1080,,
"How To Style A Denim Skirt: Easy Outfit Ideas To Copy Right, 60% OFF",,https://taylorlately.com/wp-content/uploads/2018/07/june-2018-bulk-june-shoot-87.jpg,,
How to Style a Denim Skirt: 3 Easy Outfit Ideas to Copy Right Now ...,,https://i.pinimg.com/736x/a1/fa/c0/a1fac0f803c3df98ce64c9332c9c4deb.jpg,,
Wholesale Girls Ice Blue Front Pocket Denim Mini Skirt – Tradyl,,https://tradyl.com/cdn/shop/products/NVSKRT30214-2_85fc1605-55c6-48bf-9e41-1a0bf48c59ed_2400x.jpg?v=1681411158,,
RSQ Paperbag Girls Denim Skirt - LIGHT WASH | Tillys,,https://www.tillys.com/on/demandware.static/-/Sites-master-catalog/default/dw7d052aec/tillys/images/catalog/1000x1000/368723590.jpg,,
Cut It Out Faux Leather Skirt - Etsy,,https://i.etsystatic.com/35211179/r/il/e9eb23/4096470704/il_1080xN.4096470704_j6i0.jpg,,
SHEIN Teen Girls Keyhole Back Allover Print Ruffle Armhole Blouse ...,,https://img.ltwebstatic.com/images3_pi/2021/12/01/16383236400372286e0410afbc6cd05034e56e6667_thumbnail_720x.jpg,,
SHEIN Teen Girls Heart Print Gigot Sleeve Top & PU Leather Skirt ...,,https://img.ltwebstatic.com/images3_pi/2022/12/07/1670376093f8dfa2c6061bdab74d0cd437db33b195_thumbnail_720x.jpg,,
SHEIN Teen Girls Spider Web Print Tee & High Waist PU Leather ...,,https://img.ltwebstatic.com/images3_pi/2021/09/10/1631238705b8bd31b683f60a9414d0ca6f2a489b9a_thumbnail_720x.webp,,
Teen Girl Mock Neck Tee & Ruched PU Leather Skirt for Christmas ...,,https://img.ltwebstatic.com/images3_pi/2023/08/14/e7/1692001201a25e7072c1546ec3ea27a0d205485033_thumbnail_720x.webp,,
Faux Leather Zipper Skirt – Dolce Cabo,,https://dolcecabo.com/cdn/shop/files/75327BLACK_50650c0b-f675-4787-98b2-a923fa094f71_1445x.jpg?v=1692205911,,
Buy Koton Zippered Faux Leather Mini Skirt In Black | 6thStreet ...,,https://media.6media.me/media/catalog/product/k/t/kt-644318132-1.jpg,,
Zip Up Your Troubles Faux Leather Skirt | Nasty Gal,,https://media.nastygal.com/i/nastygal/agg88243_black_xl/female-black-zip-up-your-troubles-faux-leather-skirt/?w=1070&qlt=default&fmt.jp2.qlt=70&fmt=auto&sm=fit,,
"AE Denim A-Line Mini Skirt In 2023 Mini Skirts, A Line Mini, 44% OFF",,"https://i.s-madewell.com/is/image/madewell/AO368_DM0668_d6?wid=500&hei=635&fmt=jpeg&fit=crop&qlt=75,1&resMode=bisharp&op_usm=0.5,1,5,0",,
AE Denim A-Line Mini Skirt,,https://s7d2.scene7.com/is/image/aeo/1313_4479_915_l1,,
What is the opinion on wearing denim skirts with leggings and ...,,https://qph.cf2.quoracdn.net/main-qimg-119fbb1e178e9cc2822f365753fdb7a4,,
10+ White Jean Skirt Outfit Ideas That Are Minimal + Elevated!,,https://styleyouroccasion.com/wp-content/uploads/2022/06/white-jean-skirt-outfit-unknown.jpg,,
BB Dakota White Tie on Life Belted Denim Skirt-ON SALE – Hand In ...,,https://www.handinpocket.com/cdn/shop/products/IMG_4349_800x.jpg?v=1662049037,,
Teen denim skirt hi-res stock photography and images - Alamy,,https://c8.alamy.com/comp/2NYA5MB/beautiful-teenage-girl-wearing-denim-skirt-standing-outdoors-looking-away-2NYA5MB.jpg,,
Noisy May Sunny Short Skirt in Light Blue Denim | iCLOTHING ...,,https://cdn.iclothing.com/media/catalog/product/s/h/short_skirt_in_light_blue_denim-1.jpg,,
Girl's Jean Skirt -0S8486Z4-309 - 0S8486Z4-309 - LC Waikiki,,https://img-lcwaikiki.mncdn.com/mnresize/1020/1360/productimages/20201/4/3927908/v1/l_20201-0s8486z4-309_5.jpg,,
ALMOST FAMOUS Button Front Dark Wash Girls Denim Skirt - DARK WASH ...,,https://www.tillys.com/on/demandware.static/-/Sites-master-catalog/default/dw11be8396/tillys/images/catalog/1000x1000/357590597c.jpg,,
ALMOST FAMOUS Button Front Dark Wash Girls Denim Skirt - DARK WASH ...,,https://www.tillys.com/on/demandware.static/-/Sites-master-catalog/default/dwc8103a9a/tillys/images/catalog/1000x1000/357590597.jpg,,
Spring and summer outfit idea for women and teen girls: white ...,,https://i.pinimg.com/474x/4d/24/fe/4d24fe6c4bcfc4e42926c2e3cae598ca.jpg,,
"Denim Skirt Lover — Everyday Pursuits, 53% OFF",,https://pointed-north.com/wp-content/uploads/2018/08/Denim-Skirt-Madewell-Tee-8.jpg,,
20 Style Tips On How To Wear Denim Mini Skirts – Egypt Eve,,https://www.en.egeve.com/wp-content/uploads/2016/08/miniskirtfall.jpg,,
"Denim Skirt Lover — Everyday Pursuits, 53% OFF",,https://cdn.shopify.com/s/files/1/1057/1864/products/AmericanBlues-2_27f5e372-cb4e-40bb-bc8e-a26fe70df634_800x.jpg?v=1656358355,,
"Why You Need A Denim Mini Skirt — Sarah Christine, 59% OFF",,https://i.ebayimg.com/images/g/2nYAAOSwuC9jx9SV/s-l1200.jpg,,
"What The Fashion: A Retrospective On The Denim Skirt —, 40% OFF",,https://i.pinimg.com/736x/ca/a6/03/caa603f97ed2d7bc344e4ac56d96d7d9.jpg,,
"THESE THREE on Instagram: ""Shop new arrivals online & in app ...",,https://lookaside.instagram.com/seo/google_widget/crawler/?media_id=3023892106209328577,,
Flounce skirt denim overall dress – House of Angelz,,http://houseofangelz.com/cdn/shop/products/73CF9986-3B3D-4AFE-BC98-33D2F7CE22B3_800x.jpg?v=1676519997,,
"About: Black Teen Girls Outfits (Google Play Version), 43% OFF",,https://i.pinimg.com/1200x/eb/8e/66/eb8e66ede02be0b6319cb90a4165215f.jpg,,
"Pin On Fashion, 57% OFF | rbk.bm",,https://i.pinimg.com/736x/c1/5c/a6/c15ca6003cc45eba77bf849151dea590.jpg,,
SEXY HOLLOW OUT DENIM MINI SKIRT Cosmique Studio | peacecommission ...,,"https://cdn.stamped.io/tr:h-800,/uploads/photos/244911_1379_b3840b57_62a1_4aa9_ad41_c07db4e45415.jpg?",,
"Pinterest | Cute swag outfits, Girl outfits, Swag outfits",,https://i.pinimg.com/originals/25/f9/d9/25f9d919661ed91627b43075939052c8.jpg,,
"darkskin baddie🤩 | Fashion, Skirts, Denim skirt",,https://i.pinimg.com/736x/c8/4e/bc/c84ebc81c679fcd6762e4c92c6404c8d.jpg,,
"Pin By Taylor On Baddie Fashion, Denim Skirt, Womens Shorts, 52% OFF",,https://i.pinimg.com/originals/a1/82/1b/a1821bf01dbd8c23886089c8b2a01c3e.jpg,,
"Pin By Taylor On Baddie Fashion, Denim Skirt, Womens Shorts, 52% OFF",,https://i.pinimg.com/736x/3c/93/18/3c9318b1a476afad8f3e8e9a8fb88e4e.jpg,,
Pin by 𝓰𝓵𝓲𝔃𝔃𝔂𝓰𝓵𝓪𝓶𝓸𝓾𝓻𝓸𝓾 on ...,,https://i.pinimg.com/736x/53/3b/9f/533b9fd1271dd4aa9eee89aae55bf4c0.jpg,,
"20 Denim Overall Skirts You Need This Summer Who What Wear, 49% OFF",,https://di2ponv0v5otw.cloudfront.net/posts/2018/02/18/5a89a42d8df470aa2276663e/m_5a89a4601dffdafc91c055a7.jpg,,
Vintage denim skirt overalls - Gem,,https://i.etsystatic.com/8103088/r/il/870764/1070501880/il_570xN.1070501880_62wh.jpg,,
Young Girl Skirt Images - Free Download on Freepik,,https://img.freepik.com/free-photo/smiling-young-teenage-girl-sitting-skateboard_171337-8774.jpg,,
Corduroy overall skirt for teen girl - Chickpea - Kids Chic,,http://kidschic.ca/cdn/shop/products/12-07934-048-L-2_kw9xdg.jpg?v=1701907003,,
"green skirt overalls for Sale,Up To OFF57%",,https://target.scene7.com/is/image/Target/GUEST_72ab258e-d047-408d-a039-9b06092f4963,,
Burgundy Skirt Overalls | peacecommission.kdsg.gov.ng,,https://i5.walmartimages.com/asr/e6f38f8b-0c57-47ef-adea-2610a3809c59_1.56be0a8afb6020962cd352ed23660871.jpeg?odnHeight=2000&odnWidth=2000&odnBg=ffffff,,
"Hailee' Black Denim Skirt Overalls The Main Street, 56% OFF",,https://www.the-streets.co.uk/wp-content/uploads/2021/04/Trendy-black-overall-dress.jpg,,
overall dress with leggings - Shop The Best Discounts Online OFF 61%,,https://i.pinimg.com/736x/95/d2/2a/95d22a86ee570a22d074eccb99ea9b38.jpg,,
"Women's Grey Horizontal Striped Turtleneck, Charcoal Denim Overall ...",,https://cdn.lookastic.com/looks/grey-turtleneck-charcoal-overall-dress-black-chelsea-boots-large-37055.jpg,,
"Overall Dress With Tights Factory Sale, SAVE 50% - www.kifaamea.gr",,https://i.pinimg.com/564x/69/b5/e9/69b5e9e8ef7342ff82f2740c5d314953.jpg,,
"Overall Dress With Tights Factory Sale, SAVE 50% - www.kifaamea.gr",,https://i.pinimg.com/originals/73/71/db/7371db70066ecf59634fd0bf9d4ae0f1.png,,
overall dress with leggings Online Shopping -,,https://taliaann.com/wp-content/uploads/2018/11/ct6.jpg,,
"Corduroy Camel Overall Dress, 43% OFF | www.nectaresdodao.pt",,https://i.styleoholic.com/2021/08/With-polka-dot-shirt-backpack-and-black-lace-up-flat-shoes.jpg,,
"Corduroy Camel Overall Dress, 56% OFF | ere.gov.al",,https://www.rubystoneboutique.com/cdn/shop/products/Camel5.jpg?v=1638316324,,
Corduroy Overall Dress in Rust – Cooper & Co,,https://cooperandcoshop.com/cdn/shop/products/image_e04d8106-95e3-4adf-900d-2e001e8fa2d3_1946x.jpg?v=1663173582,,
"Corduroy Mini Overall Dress With Pocket, 48% OFF",,https://i.pinimg.com/originals/c8/6f/68/c86f68b366c9c7a4cfec2bf61fb2de88.jpg,,
"Corduroy Overall Dress, 57% OFF | t.mitso.by",,https://thenestonmain.com/cdn/shop/products/327ed52cd1734f94a7ad015c80cdc538-Max_grande.jpg?v=1669654432,,
"Brown Corduroy Dress With Belt · Filly Flair, 58% OFF",,https://www.fillyflair.com/cdn/shop/files/3D4A1203_3aa151e8-5fde-494c-b933-869cc0c83168.jpg?v=1695675438&width=1400,,
corduroy dress outfit,,https://lauryncakes.com/wp-content/uploads/2016/10/falloutfit-1-683x1024.jpg,,
corduroy dress outfit,,https://adventuresofjess.com/wp-content/uploads/2018/02/corduroy-4.jpg,,
"Corduroy Dress Outfit U.K., SAVE 34% - commercialworks.co.uk",,https://i.pinimg.com/originals/f8/4e/66/f84e66d87daaaf32237e65b7f0a22ca3.jpg,,
Styling a Corduroy Overall Dress for a Night Out - Color & Chic,,https://colorandchic.com/wp-content/uploads/2018/09/ColorandChicOveralls-6.jpg,,
"Sew Much Love, Mary: Pants To Skirt Overalls Refashion, 60% OFF",,https://i.pinimg.com/originals/d8/9b/03/d89b03eec7e5a6248d5ef203542533df.jpg,,
"20 Denim Overall Skirts You Need This Summer Who What Wear, 59% OFF",,https://img.shopperboard.com/1297090/5ccec3d4ab284.jpg,,
"20 Denim Overall Skirts You Need This Summer Who What Wear, 55% OFF",,https://cdn.shoplightspeed.com/shops/657826/files/46198088/800x1024x1/tea-n-rose-donna-denim-overall-skirt.jpg,,
"20 Denim Overall Skirts You Need This Summer Who What Wear, 55% OFF",,https://img.shopperboard.com/1297090/5ccec3d3d4ad4-small.jpg,,
"Emerson' Girl Light Denim Skirt Overalls – The Main, 55% OFF",,https://cdn.shopify.com/s/files/1/1568/0039/files/girl-s-aria-denim-overall-jumper-dress-girls-30349090324567.jpg?v=1686416533&width=1946,,
"blue jean overalls skirt for Sale,Up To OFF 79%",,https://i.pinimg.com/236x/a7/ca/b2/a7cab256a9d192f160b98a458dd76aae--denim-dungaree-dress-denim-overalls.jpg,,
denim skirt for women | Lazada PH,,https://ph-live-01.slatic.net/p/5dc954cef48e683f2188ec2adc1f032c.jpg,,
10 Denim Skirt Looks You Can Rock All Summer - Society19 | Fashion ...,,https://i.pinimg.com/564x/ae/a6/cf/aea6cf6df0b959dec9f3155133c091ac.jpg,,
"Hailee' Black Denim Skirt Overalls, 49% OFF",,"https://s1.r29static.com/bin/entry/6a4/x,80/1635874/image.jpg",,
"Hailee' Black Denim Skirt Overalls, 60% OFF",,https://i.pinimg.com/736x/15/04/ee/1504ee4369273606d4ef632d5577eebb--denim-overalls-dress-denim-ootd.jpg,,
"RIPPED JUNIOR OVERALL SKIRT, 59% OFF",,https://winysfashionboutique.com/cdn/shop/products/image_4baeb74d-90c7-4c7f-b1ef-96f917dcb825_grande.jpg?v=1618321975,,
girls denim skirt overalls Hot Sale - OFF 72%,,https://i.pinimg.com/736x/d9/e0/20/d9e020b1d0e3d58171c0802c84437b5a.jpg,,
"Pin by Simone on ✨Fashion✨ | Clothes, Outfits, Fashion",,https://i.pinimg.com/736x/db/06/23/db06232b693eb12871222492ddff31b5.jpg,,
Buy Ninety Nine Point Nine Boutiq Classic Frayed Denim Overall ...,,https://dynamic.zacdn.com/DlAQfGy-Bx1lo84Q4-ryjE3aNNg=/filters:quality(70):format(webp)/https://static-ph.zacdn.com/p/ninety-nine-point-nine-boutique-5382-3981651-4.jpg,,
Buy Ninety Nine Point Nine Boutiq Classic Frayed Denim Overall ...,,https://dynamic.zacdn.com/YGJextgN_9R4UIyvl3fecG7fiGc=/filters:quality(70):format(webp)/https://static-ph.zacdn.com/p/ninety-nine-point-nine-boutique-5382-9981651-1.jpg,,
Buy Ninety Nine Point Nine Boutiq Classic Distressed Denim Overall ...,,https://dynamic.zacdn.com/SuXv52-jIf2jrt5kZsGj46ycK_g=/filters:quality(70):format(webp)/https://static-ph.zacdn.com/p/ninety-nine-point-nine-boutique-5377-1981651-1.jpg,,
Buy Ninety Nine Point Nine Boutiq Classic Full-Button Frayed Denim ...,,https://dynamic.zacdn.com/jDC25kHOgekcnN01jer1V_PGj-k=/filters:quality(70):format(webp)/https://static-ph.zacdn.com/p/ninety-nine-point-nine-boutique-5451-2091651-1.jpg,,
Buy Ninety Nine Point Nine Boutiq Classic Frayed Denim Overall ...,,https://dynamic.zacdn.com/7NRk1zWqNIK6lVtYzvcDxsEprpk=/filters:quality(70):format(webp)/https://static-ph.zacdn.com/p/ninety-nine-point-nine-boutique-5439-6981651-1.jpg,,
Buy Ninety Nine Point Nine Boutiq Classic Distressed Denim Overall ...,,https://dynamic.zacdn.com/XUKO2p98gCnIqlG3nVaJd1FYwPU=/filters:quality(70):format(webp)/https://static-ph.zacdn.com/p/ninety-nine-point-nine-boutique-5373-9881651-1.jpg,,
Buy Blue Dungarees &Playsuits for Girls by Marks & Spencer Online ...,,https://assets.ajio.com/medias/sys_master/root/20210907/A1O7/61368dd1f997ddce89be707a/-473Wx593H-462917716-blue-MODEL.jpg,,
AE Denim Dress Overall,,https://s7d2.scene7.com/is/image/aeo/2332_5962_914_of?$pdp-m-opt$,,
Buy Ninety Nine Point Nine Boutiq Classic Frayed Denim Overall ...,,https://dynamic.zacdn.com/urMwuOJhSGiw5DDteHyN0NHvLHg=/filters:quality(70):format(webp)/https://static-ph.zacdn.com/p/ninety-nine-point-nine-boutique-5380-3981651-1.jpg,,
"Contrast Stitch Detail Denim Overall Dress Nasty Gal, 46% OFF",,https://media.nastygal.com/i/nastygal/bgg03488_mid%20blue_xl/female-mid%20blue-contrast-stitch-detail-denim-overall-dress/?w=1070&qlt=default&fmt.jp2.qlt=70&fmt=auto&sm=fit,,
DTT denim overall dress with raw hem in blue | ASOS,,https://images.asos-media.com/products/dtt-denim-overall-dress-with-raw-hem-in-blue/201787333-1-midwashblue?$n_640w$&wid=513&fit=constrain,,
Syden Mini Dress - Overall Denim Dress in Sunday Blue | Showpo,,https://images.showpo.com/dw/image/v2/BDPQ_PRD/on/demandware.static/-/Sites-sp-master-catalog/default/dw8aff289a/images/syden-denim-overall-dress-SD21100156/1_-_Syden_Denim_Overall_Dress_in_Sunday_Blue_2528SD21100156012529_11.jpg?sw=1563&sh=2500,,
SKIRTALL LIGHT WASH DISTRESSED DENIM SKIRT OVERALLS | Petite ...,,https://i.pinimg.com/564x/75/6d/10/756d1004e31dcecd6afd10ecbe065597.jpg,,
