Title,Note,URL,Tags,Comment
,,,,
North Catholic High School | As part of our long standing winning ...,,https://lookaside.instagram.com/seo/google_widget/crawler/?media_id=3227219042333638689,,
North Catholic High School | As part of our long standing winning ...,,https://lookaside.instagram.com/seo/google_widget/crawler/?media_id=3227219040832190188,,
New Family Q & A – Admissions – North Catholic High School,,https://3.files.edl.io/43b7/21/08/23/185657-bce2ecf1-c641-46d0-beac-a9746f36968d.jpg,,
Pin page,,https://i.pinimg.com/736x/cb/0c/c3/cb0cc3a2cee797ec0db8d87e23ab6f0e.jpg,,
"23 Uniformmm ý tưởng | trang phục nữ, trang phục trường học, đồng ...",,https://i.pinimg.com/236x/ca/47/9b/ca479b72f0e95442d8f5d3a3cc099289.jpg,,
"23 Uniformmm ý tưởng | trang phục nữ, trang phục trường học, đồng ...",,https://i.pinimg.com/236x/0b/53/b8/0b53b89be4e399e506d20ff78f6ff2c4.jpg,,
Raul Rios Lucio (kayulrios) - Profile | Pinterest,,https://i.pinimg.com/550x/d4/73/5f/d4735fbba369e622221e961167b32b56.jpg,,
