Title,Note,URL,Tags,Comment
,,,,
generation Emptiness bias girls skirts for school - theechelon.co.uk,,https://media-cldnry.s-nbcnews.com/image/upload/newscms/2019_21/1439789/san-diego-school-dress-code-today-inline-190522-03.jpg,,
UK school bans skirts to prevent male teachers getting distracted ...,,https://images.indianexpress.com/2015/07/skirt-thumb1.jpg,,
How to Wear Hot Pink Pencil Skirt - Search for Hot Pink Pencil ...,,http://images2.chictopia.com/photos/CaraJ/5094324419/hot-pink-pencil-jcrew-skirt-yellow-suede-forever-21-heels.jpg,,
Pin on fits,,https://i.pinimg.com/1200x/71/25/5b/71255bdc3cef3ff29bf5b4389e26ae18.jpg,,
Petite Stone Leather-Look High Waist Skirt | New Look,,https://media3.newlookassets.com/i/newlook/838038617M1/womens/clothing/skirts/petite-stone-leather-look-high-waist-skirt.jpg?strip=true&qlt=50&w=720,,
Denim Skirt High Res Stock Images | Shutterstock,,https://image.shutterstock.com/image-photo/stylish-confident-young-girl-wearing-260nw-708639556.jpg,,
BDG Blue Frayed Extreme Mini Denim Skirt | Urban Outfitters UK,,https://s7g10.scene7.com/is/image/UrbanOutfittersEU/0120593370027_092_b?$xlarge$&fit=constrain&qlt=80&wid=640,,
Shop Denim Mini Skirt for Women from latest collection at Forever ...,,https://forever21.imgix.net/img/app/product/3/390218-2010254.jpg?w=412&auto=format,,
BIVIGAOS Summer Style Simplicity Vintage Plaid Mini Skirt Jeans ...,,https://ae01.alicdn.com/kf/HTB1EjiJLVXXXXXDapXXq6xXFXXXa/123288330/HTB1EjiJLVXXXXXDapXXq6xXFXXXa.jpg?size=102436&height=639&width=639&hash=5a1d14b1f1848760575a29d56bc8b084,,
"UJALCN | JOHN ADAMS ACADEMY- LINCOLN | Lincoln, CA",,https://cdn.shopify.com/s/files/1/0267/8394/0793/products/1886xa-201-310_0_e9c988fa-4b49-46f4-8f55-48ffd31a30d1_400x400.png?v=1629337580,,
John Adams Academy - Don't forget about our New Family Raffle ...,,https://lookaside.fbsbx.com/lookaside/crawler/media/?media_id=2919308288138335,,
John Adams Academy - Home | Facebook,,https://lookaside.fbsbx.com/lookaside/crawler/media/?media_id=4232014873534330,,
Pleated plaid mini skirt,,https://encrypted-tbn3.gstatic.com/images?q=tbn:ANd9GcRv5hEXImKBaMtt0FCO5M1D_g6uRiDeHmiLDbIyfWkDiKp66-ld,,
