Title,Note,URL,Tags,Comment
,,,,
White House Black Market Women's Leather Skirts for Women for sale ...,,https://i.ebayimg.com/thumbs/images/g/jCYAAOSwhKlmjwiD/s-l1200.jpg,,
White House Black Market Women's Leather Solid Skirts for Women ...,,https://i.ebayimg.com/thumbs/images/g/Bj0AAOSwgGxkze6e/s-l140.jpg,,
Express | Skirts | Nwt Express Faux Leather Mini Skirt | Poshmark,,https://di2ponv0v5otw.cloudfront.net/posts/2024/07/24/66a1884fa5bb34bfea153a29/s_66a188526af5753d7cfe7933.jpeg,,
White House Black Market mini skirt Size 12 Leather Laser Cut A ...,,https://i.ebayimg.com/thumbs/images/g/qr0AAOSwQ9NlpaDA/s-l225.jpg,,
New WHITE HOUSE BLACK MARKET Leather Skirt Womens Laser ...,,https://i.ebayimg.com/images/g/ykIAAOSwTZZiTwqn/s-l400.jpg,,
White House Black Market Size 10 Lazer Cut A-Line Leather Skirt in ...,,https://di2ponv0v5otw.cloudfront.net/posts/2023/04/23/6445211617fb4b8cd96a6832/m_wp_6445211617fb4b8cd96a6833.webp,,
Chloé Kids' Embroidered Leather Skirt In Brown | ModeSens,,https://cdn.modesens.com/availability/82675330?w=400,,
Tanya Taylor Skirts for Women | Online Sale up to 84% off | Lyst,,https://cdna.lystit.com/400/500/n/photos/shoppremiumoutlets/a849b6c0/tanya-taylor-brown-Dixie-Skirt.jpeg,,
Angel Biba - Faux Leather Skirt on Designer Wardrobe,,https://dwcdn.nz/dw-images/kitaleck/1066887/112377_90f208a4c8c8401a31614a08ac119679.jpg,,
White House Black Market WHBM Brown Leather Skirt Size 8 | eBay,,https://i.ebayimg.com/images/g/Fw8AAOSw5vVl3myK/s-l400.png,,
